INSERT INTO Category (Category_ID, Category_Name)
VALUES ('CAT', 'Cars and Trucks'), 
('HOU', 'Housing'),
('ELC', 'Electronics'),
('CCA', 'Child Care');

INSERT INTO AdStatus (Status_ID, Status_Name)
VALUES ('PN', 'Pending'), 
('AC', 'Active'),
('DI', 'Disapproved');

INSERT INTO AdUser (User_ID, User_FName, User_LName)
VALUES ('Jsmith', 'John', 'Smith'), 
('Ajackson', 'Ann', 'Jackson'),
('Rkale', 'Rania', 'Kale'),
('Sali', 'Samir', 'Ali'),
('Mcalhoun', 'Meera', 'Calhoun'),
('Jbarnes', 'Jeremiah', 'Barnes'),
('Jbaxter', 'James', 'Baxter'),
('Fmertins', 'Finn', 'Mertins'),
('Jdog', 'Jake', 'Dog'),
('Pbubblegum', 'Princess', 'Bubblegum'),
('Tyang', 'Thomas', 'Yang'),
('Mabadeer', 'Marceline', 'Abadeer'),
('Habadeer', 'Hundson', 'Abadeer'),
('Alincoln', 'Abraham', 'Lincoln'),
('Bmo', 'B', 'Mo'),
('Bman', 'Banana', 'Man'),
('Bgrof', 'Betty', 'Grof'),
('Bhero', 'Billy', 'Hero'),
('Bnose', 'Blue', 'Nose'),
('Bprince', 'Box', 'Prince'),
('Bmen', 'Business', 'Men'),
('Cbuun', 'Cinnamon', 'Buun'),
('Ccorn', 'Candy', 'Corn'),
('Cowl', 'Cosmic', 'Owl'),
('Cking', 'Cute', 'King'),
('Dprincess', 'Doctor', 'Princess'),
('Djerk', 'Donny', 'Jerk'),
('Dlord', 'Door', 'Lord'),
('Drock', 'Dumb', 'Rock'),
('Elemongrab', 'Earl', 'Lemongrab'),
('Gking', 'Goblin', 'King'),
('Cgoose', 'Choose', 'Goose'),
('Fprincess', 'Flame', 'Princess'),
('Gpenguin', 'Gunther', 'Penguin'),
('Mlee', 'Marshall', 'Lee'),
('Pbug', 'Party', 'Bug'),
('Pscott', 'Penelope', 'Scott'),
('Pbutler', 'Peppermint', 'Butler'),
('Esandwhich', 'Everything', 'Sandwhich'),
('Gever', 'Greatest', 'Ever'),
('Cthunderburger', 'Charles', 'Thunderburger'),
('Mwinger', 'Maddie', 'Winger'),
('Aemberton', 'Aiden', 'Emberton'),
('Dmaddy', 'Danny', 'Maddy'),
('Jburgerfoot', 'Jamie', 'Burgerfoot'),
('Ccats', 'Courtny', 'Cats'),
('Bdummy', 'Big', 'Dummy'),
('Sundertale', 'Sans', 'Undertale'),
('Slollipop', 'Sentient', 'Lollipop'),
('Thenderson', 'Toad', 'Henderson');

INSERT INTO Moderator (User_ID)
VALUES ('Jsmith'),
('Ajackson'),
('Pbubblegum'),
('Bmo'),
('Drock'),
('Cgoose'),
('Pbug'),
('Esandwhich'),
('Mwinger')
('Ccats'),
('Slollipop');

INSERT INTO Ad (Ad_ID, Ad_Title, Ad_Details, Ad_Date_Time, Price, CategID, UserID, ModID, StatusID)
VALUES ('1','2010 Sedan Subaru','2010 sedan car in great shape for sale','2017-02-10','6000','CAT','Rkale','Jsmith', 'AC'),
('2','Nice Office Desk','Nice office desk for sale','2017-02-15','50.25','HOU','Rkale','Jsmith', 'AC'),
('3','Smart LG TV for $200 ONLY','Smart LG TV 52 inches! Really cheap!','2017-03-15','200','ELC','Sali','Jsmith', 'AC'),
('4','HD Tablet for $25 only','Amazon Fire Tablet HD','2017-03-20','25','ELC','Rkale', Null , 'PN'),
('5','Laptop for $100','Amazing HP laptop for $100','2017-03-20','100','ELC','Rkale', Null , 'PN'),
('6','Seamless asynchronous intranet','Enterprise-wide value-added open architecture','2017-06-28','8854.89','ELC','Sundertale','Cgoose','DI'),
('7','Synchronised maximized definition','Re-engineered even-keeled installation','2017-03-19','4823.34','CCA','Bmo','Mwinger','AC'),
('8','Persistent disintermediate time-frame','Down-sized even-keeled Graphical User Interface','2017-02-06','2952.18','HOU','Sundertale','Drock','PN'),
('9','Synchronised intangible interface','Pre-emptive modular alliance','2017-02-17','335.37','HOU','Fmertins','Drock','AC'),
('10','Centralized 4th generation functionalities','Versatile 24/7 system engine','2017-12-20','9520.69','CAT','Jdog','Drock','AC'),
('11','Reverse-engineered hybrid frame','Automated impactful standardization','2017-01-29','9679.97','HOU','Ccorn','Jsmith','AC'),
('12','Universal high-level collaboration','Realigned modular knowledge base','2017-10-20','3105.3','CCA','Bman','Esandwhich','AC'),
('13','Automated motivating contingency','Team-oriented upward-trending projection','2017-03-14','2596.3','HOU','Esandwhich','Drock','AC'),
('14','Grass-roots next generation moratorium','Persistent modular middleware','2017-04-17','1606.66','CAT','Mcalhoun','Ccats','PN'),
('15','Diverse even-keeled data-warehouse','Expanded scalable migration','2017-04-24','6145.99','HOU','Elemongrab','Pbug','PN'),
('16','Reduced intangible structure','Balanced holistic paradigm','2017-04-03','7150.19','CCA','Sali','Jsmith','DI'),
('17','Synergistic optimal website','Implemented 3rd generation projection','2017-05-01','9873.26','CCA','Bdummy','Pbubblegum','DI'),
('18','Innovative heuristic concept','Balanced context-sensitive Graphic Interface','2017-06-07','9409.34','HOU','Aemberton','Pbug','PN'),
('19','Streamlined asynchronous structure','Persistent upward-trending support','2017-01-31','1123.8','CAT','Fprincess','Ccats','DI'),
('20','Seamless asynchronous system engine','Reverse-engineered coherent open system','2017-04-14','8379.26','CCA','Bprince','Ajackson','PN'),
('21','Devolved radical matrices','Virtual bifurcated knowledge user','2017-08-13','4440.34','HOU','Jbarnes','Esandwhich','DI'),
('22','Decentralized eco-centric initiative','Persistent hybrid budgetary management','2017-11-30','2730.98','HOU','Gpenguin','Ajackson','DI'),
('23','Centralized solution-oriented complexity','Progressive directional model','2017-09-18','4928.86','CAT','Pubtler','Drock','AC'),
('24','Stand-alone 5th generation neural-net','Open-source transitional Graphic Interface','2017-11-25','2735.32','CCA','Thenderson','Ajackson','PN'),
('25','Integrated regional extranet','Multi-layered systemic implementation','2017-07-22','3704.29','HOU','Bgrof','Ccats','AC'),
('26','Organic hybrid forecast','Customizable directional help-desk','2017-07-30','5382.55','CAT','Pscott','Slollipop','PN'),
('27','Devolved fresh-thinking middleware','Robust encompassing archive','2017-04-10','350.73','HOU','Esandwhich','Slollipop','DI'),
('28','Ameliorated executive matrix','Profound cohesive installation','2017-09-22','3553.95','CCA','Jdog','Ccats','DI'),
('29','Innovative intermediate conglomeration','Proactive coherent approach','2017-11-15','7459.63','CAT','Cgoose','Pbubblegum','AC'),
('30','Team-oriented homogeneous interface','Pre-emptive fresh-thinking pricing structure','2017-02-01','4887.6','HOU','Aemberton','Slollipop','PN'),
('31','Cloned full-range knowledge user','Right-sized modular model','2017-06-01','5340.56','HOU','Sundertale','Esandwhich','PN'),
('32','Object-based 4th generation secured line','Proactive regional methodology','2017-04-06','8345.67','ELC','Ccats','Pbug','AC'),
('33','Object-based full-range database','Polarised systematic migration','2017-07-31','5586.79','HOU','Bmo','Mwinger','PN'),
('34','Advanced zero administration approach','Reduced empowering initiative','2017-06-22','1434.67','ELC','Bhero','Esandwhich','PN'),
('35','Sharable homogeneous encryption','Versatile incremental firmware','2017-01-15','9290.52','HOU','Jbarnes','Jsmith','AC'),
('36','Adaptive eco-centric middleware','Switchable reciprocal orchestration','2017-08-29','6501.87','HOU','Mwinger','Ajackson','AC'),
('37','Enterprise-wide user-facing software','Reverse-engineered coherent analyzer','2017-05-12','9062.78','CAT','Cgoose','Slollipop','DI'),
('38','Optional system-worthy challenge','Profound context-sensitive project','2017-08-31','247.21','ELC','Cthunderburger','Drock','AC'),
('39','Reactive composite benchmark','Persevering high-level core','2017-09-16','8708.82','ELC','Gking','Mwinger','AC'),
('40','Synergized bifurcated monitoring','Reduced upward-trending initiative','2017-04-25','6105.62','CCA','Pbug','Jsmith','AC'),
('41','Down-sized client-server process improvement','Seamless uniform standardization','2017-06-28','1735.52','CAT','Pubtler','Mwinger','PN'),
('42','Future-proofed maximized interface','Grass-roots empowering archive','2017-06-13','1741.07','CAT','Djerk','Drock','DI'),
('43','Networked intermediate benchmark','Polarised tangible synergy','2017-05-20','6306.03','CCA','Sali','Esandwhich','DI'),
('44','Cloned uniform array','Synergistic transitional concept','2017-02-17','6945.12','CAT','Gpenguin','Ajackson','AC'),
('45','Intuitive multimedia definition','Reduced neutral forecast','2017-06-01','9002.89','HOU','Jsmith','Jsmith','DI'),
('46','Business-focused regional encoding','Future-proofed secondary model','2017-06-09','2368.51','CCA','Jburgerfoot','Ajackson','DI'),
('47','Reverse-engineered composite approach','Proactive mobile process improvement','2017-11-06','1593.7','ELC','Slollipop','Mwinger','DI'),
('48','Total multi-state orchestration','User-friendly context-sensitive system engine','2017-04-10','9424.48','HOU','Fprincess','Pbubblegum','DI'),
('49','User-centric 24 hour website','Exclusive systematic core','2017-11-12','3370.65','ELC','Bmo','Bmo','PN'),
('50','Seamless didactic circuit','Secured well-modulated local area network','2017-07-20','3133.75','CAT','Gking','Mwinger','PN'),
('51','Multi-lateral impactful array','Monitored responsive neural-net','2017-06-07','9424.43','CCA','Jburgerfoot','Pbubblegum','PN'),
('52','Upgradable heuristic core','Triple-buffered coherent analyzer','2017-10-18','261.15','CCA','Sundertale','Slollipop','AC'),
('53','Optimized next generation migration','Intuitive stable monitoring','2017-03-21','479.02','CCA','Mlee','Pbug','DI'),
('54','Sharable web-enabled architecture','Quality-focused upward-trending throughput','2017-03-18','7556.21','ELC','Gking','Esandwhich','DI'),
('55','Profound radical project','Triple-buffered incremental support','2017-03-06','185.61','CCA','Mabadeer','Cgoose','DI'),
('56','Multi-layered intangible interface','User-friendly methodical firmware','2017-08-05','9454.62','CCA','Mcalhoun','Jsmith','DI'),
('57','Exclusive client-server conglomeration','Team-oriented even-keeled productivity','2017-09-23','1759.45','ELC','Bgrof','Ccats','AC'),
('58','Managed coherent architecture','Ameliorated local open system','2017-01-01','6187.37','CCA','Cgoose','Cgoose','DI'),
('59','Fundamental encompassing collaboration','Horizontal bifurcated website','2017-03-30','5967.44','CCA','Pscott','Drock','PN'),
('60','Sharable interactive budgetary management','Triple-buffered bandwidth-monitored toolset','2017-06-05','5934.86','CCA','Jdog','Ccats','PN'),
('61','Automated context-sensitive migration','Face to face bandwidth-monitored frame','2017-11-30','1219.83','CCA','Aemberton','Mwinger','AC'),
('62','Profound regional function','Mandatory secondary moratorium','2017-04-20','164.6','CCA','Fprincess','Cgoose','AC'),
('63','Organized motivating policy','Balanced zero tolerance framework','2017-10-09','1403.62','CCA','Habadeer','Pbubblegum','PN'),
('64','Switchable interactive Graphic Interface','Cross-group user-facing superstructure','2017-12-21','9405.21','CCA','Bprince','Pbubblegum','DI'),
('65','De-engineered modular process improvement','Proactive 5th generation artificial intelligence','2017-09-21','656.0','HOU','Cking','Ccats','PN'),
('66','Reactive interactive benchmark','Organized didactic secured line','2017-07-14','4243.39','CCA','Ajackson','Drock','AC'),
('67','Up-sized static local area network','Seamless holistic emulation','2017-10-19','5045.8','CAT','Bhero','Bmo','PN'),
('68','Focused explicit conglomeration','Intuitive dynamic synergy','2017-08-15','3514.46','HOU','Bdummy','Jsmith','AC'),
('69','Proactive bi-directional secured line','Upgradable neutral customer loyalty','2017-07-06','6371.24','CCA','Jburgerfoot','Mwinger','DI'),
('70','Vision-oriented demand-driven artificial intelligence','Assimilated exuding hub','2017-05-23','4983.46','CCA','Ccats','Ajackson','AC'),
('71','Multi-channelled 5th generation local area network','Triple-buffered client-server data-warehouse','2017-11-03','4068.26','CCA','Cgoose','Drock','DI'),
('72','Decentralized asymmetric challenge','Re-engineered intangible monitoring','2017-05-26','5294.66','CAT','Slollipop','Slollipop','DI'),
('73','Multi-lateral analyzing utilisation','Robust tertiary help-desk','2017-10-09','4824.54','ELC','Bprince','Mwinger','AC'),
('74','De-engineered scalable throughput','Digitized 24/7 synergy','2017-12-19','5032.11','CCA','Cowl','Pbubblegum','AC'),
('75','Cloned web-enabled moderator','Adaptive executive solution','2017-05-28','6260.09','HOU','Sundertale','Slollipop','DI'),
('76','Multi-tiered logistical project','Versatile fresh-thinking algorithm','2017-02-14','6690.17','CAT','Aemberton','Pbubblegum','PN'),
('77','Inverse impactful attitude','Multi-tiered tertiary website','2017-11-08','9984.28','ELC','Fprincess','Jsmith','AC'),
('78','Switchable 24 hour access','Intuitive grid-enabled orchestration','2017-08-17','1528.43','ELC','Rkale','Jsmith','AC'),
('79','Customizable next generation productivity','Organized mission-critical support','2017-10-26','6981.28','HOU','Bmo','Esandwhich','PN'),
('80','Reactive fresh-thinking implementation','Optional zero administration parallelism','2017-05-01','8660.82','HOU','Bhero','Ajackson','AC'),
('81','Fully-configurable intangible concept','Virtual value-added ability','2017-09-15','331.56','HOU','Cowl','Ajackson','AC'),
('82','Optimized even-keeled algorithm','Configurable logistical artificial intelligence','2017-11-10','4843.49','CAT','Alincoln','Ajackson','DI'),
('83','Ergonomic secondary neural-net','Total secondary solution','2017-09-23','5428.3','CAT','Djerk','Pbubblegum','DI'),
('84','Organic system-worthy alliance','Diverse holistic model','2017-01-23','9299.2','CAT','Fmertins','Slollipop','AC'),
('85','Optimized bandwidth-monitored leverage','Multi-channelled holistic orchestration','2017-07-15','602.06','ELC','Tyang','Pbubblegum','PN'),
('86','Multi-tiered static open architecture','Multi-tiered optimizing access','2017-02-19','8938.94','ELC','Mabadeer','Pbug','DI'),
('87','Virtual solution-oriented definition','Open-architected mobile forecast','2017-10-20','7369.14','CAT','Mcalhoun','Esandwhich','PN'),
('88','Down-sized mission-critical help-desk','Cloned disintermediate parallelism','2017-10-11','2367.67','ELC','Bprince','Cgoose','DI'),
('89','Horizontal context-sensitive data-warehouse','Distributed stable framework','2017-06-24','6120.92','HOU','Tyang','Pbubblegum','PN'),
('90','Universal executive encryption','Vision-oriented high-level initiative','2017-08-25','1807.37','HOU','Pbug','Drock','PN'),
('91','Progressive maximized contingency','Advanced dedicated portal','2017-07-07','5713.51','CCA','Jbarnes','Cgoose','PN'),
('92','Re-engineered modular methodology','Vision-oriented local complexity','2017-11-08','9199.6','CAT','Bprince','Esandwhich','AC'),
('93','Visionary needs-based focus group','Multi-layered well-modulated leverage','2017-02-13','8475.92','HOU','Ccats','Jsmith','DI'),
('94','Multi-lateral modular adapter','Future-proofed interactive synergy','2017-01-05','7105.02','HOU','Esandwhich','Slollipop','DI'),
('95','Triple-buffered asymmetric emulation','Polarised systemic functionalities','2017-11-06','4986.72','CCA','Cthunderburger','Pbug','PN'),
('96','Multi-tiered optimizing groupware','Versatile foreground database','2017-07-10','6513.6','CAT','Fmertins','Cgoose','AC'),
('97','Inverse homogeneous hierarchy','Visionary systemic Graphical User Interface','2017-03-12','1308.26','CCA','Cbuun','Cgoose','DI'),
('98','Reduced 4th generation focus group','Synchronised regional methodology','2017-07-31','3732.22','HOU','Sundertale','Bmo','PN'),
('99','Up-sized leading edge budgetary management','User-centric needs-based help-desk','2017-11-13','586.27','CAT','Bhero','Cgoose','AC'),
('100','Multi-layered secondary algorithm','Polarised eco-centric framework','2017-09-08','9203.13','CCA','Dmaddy','Mwinger','DI'),
('101','Fully-configurable fault-tolerant circuit','Right-sized radical standardization','2017-06-04','303.37','HOU','Bman','Ajackson','PN'),
('102','Customer-focused national collaboration','Assimilated actuating hierarchy','2017-04-11','8978.37','CAT','Djerk','Mwinger','DI'),
('103','Persevering motivating adapter','Organic bandwidth-monitored toolset','2017-09-11','1180.19','CAT','Cking','Esandwhich','AC'),
('104','User-centric systemic budgetary management','Profit-focused intermediate structure','2017-06-22','5145.45','CAT','Mcalhoun','Esandwhich','AC'),
('105','Right-sized next generation paradigm','Open-architected impactful ability','2017-05-21','4998.76','CAT','Aemberton','Pbubblegum','DI'),
('106','Pre-emptive empowering encoding','Quality-focused non-volatile capacity','2017-10-16','3790.0','ELC','Bmo','Esandwhich','DI'),
('107','User-centric incremental frame','Extended tangible core','2017-01-05','3480.59','ELC','Aemberton','Drock','AC'),
('108','Universal content-based open system','Balanced well-modulated matrices','2017-06-22','5296.45','HOU','Bmen','Mwinger','AC'),
('109','Organic contextually-based extranet','Multi-layered contextually-based instruction set','2017-05-14','9221.16','CCA','Dprincess','Esandwhich','DI'),
('110','Re-engineered solution-oriented architecture','Programmable coherent analyzer','2017-02-20','8792.78','ELC','Elemongrab','Bmo','AC'),
('111','Synergistic modular groupware','Synchronised upward-trending hardware','2017-09-29','7996.86','HOU','Sali','Pbubblegum','AC'),
('112','Synergized explicit process improvement','Mandatory fresh-thinking hardware','2017-01-20','4185.39','CCA','Elemongrab','Pbubblegum','PN'),
('113','Programmable modular software','Fully-configurable client-driven superstructure','2017-12-07','8959.23','CAT','Gking','Ajackson','AC'),
('114','Cross-platform executive strategy','Versatile global productivity','2017-04-18','3825.95','CAT','Alincoln','Esandwhich','AC'),
('115','Triple-buffered dynamic firmware','Public-key bi-directional standardization','2017-12-26','8878.31','CCA','Mcalhoun','Mwinger','PN'),
('116','Extended client-driven core','Team-oriented foreground intranet','2017-11-03','7742.67','CAT','Slollipop','Pbubblegum','DI'),
('117','Profit-focused encompassing throughput','Innovative radical local area network','2017-02-24','6052.21','CAT','Esandwhich','Mwinger','PN'),
('118','Visionary next generation time-frame','Self-enabling modular focus group','2017-04-30','8581.93','CAT','Mabadeer','Pbug','PN'),
('119','Upgradable discrete workforce','Organized asymmetric budgetary management','2017-11-24','8848.15','HOU','Jbaxter','Cgoose','AC'),
('120','Right-sized optimal application','Virtual coherent model','2017-03-27','5565.94','ELC','Esandwhich','Jsmith','AC'),
('121','Triple-buffered grid-enabled budgetary management','Synergistic bifurcated contingency','2017-03-09','8199.7','CAT','Jsmith','Mwinger','DI'),
('122','Persevering solution-oriented customer loyalty','Polarised full-range help-desk','2017-06-20','3677.65','CCA','Mabadeer','Slollipop','AC'),
('123','Optimized intangible circuit','Programmable homogeneous paradigm','2017-05-16','9680.37','CAT','Cthunderburger','Pbubblegum','PN'),
('124','User-centric fault-tolerant productivity','Inverse secondary website','2017-05-30','5248.08','HOU','Bprince','Ccats','DI'),
('125','Distributed zero administration collaboration','Distributed client-driven policy','2017-02-24','6510.5','HOU','Bgrof','Bmo','PN'),
('126','Grass-roots well-modulated artificial intelligence','User-friendly zero tolerance Graphic Interface','2017-07-11','7118.57','HOU','Jdog','Jsmith','PN'),
('127','Decentralized bifurcated orchestration','Switchable discrete structure','2017-07-09','1057.4','HOU','Mabadeer','Slollipop','DI'),
('128','Seamless incremental middleware','Function-based eco-centric product','2017-03-10','8102.07','ELC','Fprincess','Cgoose','AC'),
('129','Fundamental analyzing projection','Intuitive client-driven parallelism','2017-01-08','6003.5','HOU','Bmo','Slollipop','DI'),
('130','Assimilated bifurcated workforce','Grass-roots disintermediate conglomeration','2017-05-11','1551.21','CAT','Mwinger','Mwinger','DI'),
('131','Networked modular methodology','Adaptive 3rd generation artificial intelligence','2017-08-07','3315.32','CAT','Thenderson','Pbug','PN'),
('132','De-engineered even-keeled emulation','Assimilated didactic project','2017-08-05','9561.46','CCA','Elemongrab','Pbubblegum','DI'),
('133','Upgradable optimizing solution','Re-engineered 3rd generation attitude','2017-01-18','7200.85','HOU','Cowl','Pbubblegum','AC'),
('134','Visionary logistical internet solution','Implemented eco-centric approach','2017-03-12','7643.99','HOU','Ajackson','Drock','PN'),
('135','Optimized foreground strategy','Vision-oriented empowering orchestration','2017-11-23','4959.01','CAT','Fprincess','Mwinger','AC'),
('136','Right-sized motivating open system','Organized mobile knowledge base','2017-01-19','4458.84','CCA','Fprincess','Slollipop','PN'),
('137','Total even-keeled knowledge user','Reverse-engineered methodical support','2017-11-07','2421.46','HOU','Jbarnes','Pbug','AC'),
('138','Pre-emptive client-driven interface','Organic exuding methodology','2017-02-05','7788.98','HOU','Jdog','Mwinger','DI'),
('139','Networked 3rd generation software','Reverse-engineered system-worthy middleware','2017-12-14','6496.34','CCA','Mwinger','Bmo','PN'),
('140','Business-focused disintermediate toolset','Fully-configurable asynchronous access','2017-03-02','1221.72','ELC','Jbarnes','Bmo','AC'),
('141','Seamless 4th generation neural-net','Polarised value-added process improvement','2017-07-21','2884.85','CCA','Cowl','Ajackson','AC'),
('142','Synchronised asynchronous intranet','Focused contextually-based algorithm','2017-04-13','6879.65','ELC','Pubtler','Pbug','DI'),
('143','Synergistic cohesive hardware','Robust responsive pricing structure','2017-05-08','2111.76','CAT','Ajackson','Cgoose','PN'),
('144','Open-source national hardware','Synchronised dedicated task-force','2017-06-14','194.77','HOU','Cthunderburger','Slollipop','DI'),
('145','Customer-focused optimizing moderator','Face to face uniform hardware','2017-11-25','8509.24','HOU','Bprince','Bmo','AC'),
('146','Right-sized foreground budgetary management','Ergonomic homogeneous service-desk','2017-08-13','650.35','HOU','Bman','Jsmith','DI'),
('147','Realigned attitude-oriented open system','Sharable real-time service-desk','2017-11-24','4778.28','CAT','Gever','Ajackson','AC'),
('148','Multi-layered context-sensitive capacity','Customer-focused zero tolerance internet solution','2017-09-20','8783.04','ELC','Dprincess','Bmo','AC'),
('149','Automated even-keeled implementation','Triple-buffered transitional frame','2017-01-29','1495.26','CAT','Jdog','Jsmith','DI'),
('150','Re-engineered tangible synergy','Devolved grid-enabled open architecture','2017-07-22','7992.66','ELC','Jdog','Pbug','PN'),
('151','Managed even-keeled open system','Virtual web-enabled definition','2017-10-28','1042.69','HOU','Bnose','Esandwhich','PN'),
('152','Synchronised client-server attitude','Fully-configurable systemic application','2017-03-28','6658.54','CCA','Elemongrab','Drock','DI'),
('153','Universal optimizing capacity','Virtual regional forecast','2017-11-13','3002.89','CAT','Mwinger','Mwinger','PN'),
('154','Versatile radical middleware','Ameliorated 5th generation open system','2017-11-17','4658.36','CAT','Bnose','Ajackson','PN'),
('155','Extended leading edge project','Implemented needs-based benchmark','2017-06-08','8049.1','ELC','Pubtler','Cgoose','PN'),
('156','Fully-configurable 24 hour database','Innovative high-level support','2017-03-28','2028.62','ELC','Sundertale','Pbubblegum','PN'),
('157','Centralized well-modulated encryption','Customizable needs-based focus group','2017-03-01','6198.2','CCA','Tyang','Ajackson','PN'),
('158','Progressive intangible process improvement','Optimized grid-enabled artificial intelligence','2017-01-30','9318.22','HOU','Bmen','Pbubblegum','PN'),
('159','Innovative optimal knowledge base','Programmable zero tolerance matrices','2017-11-17','1814.81','CCA','Pubtler','Ajackson','AC'),
('160','Organized tangible methodology','Reactive global open architecture','2017-05-23','8793.37','CCA','Cbuun','Drock','DI'),
('161','Synergistic high-level workforce','Enhanced content-based capacity','2017-01-29','4657.86','ELC','Cowl','Esandwhich','DI'),
('162','Down-sized mobile ability','Digitized client-driven product','2017-07-19','6432.1','CCA','Cgoose','Slollipop','DI'),
('163','Innovative secondary paradigm','Multi-layered foreground strategy','2017-03-06','1329.41','CCA','Pbug','Esandwhich','PN'),
('164','Quality-focused intangible extranet','Inverse 4th generation matrix','2017-02-28','2964.23','CAT','Bdummy','Esandwhich','DI'),
('165','Synergistic fault-tolerant protocol','Cloned multi-tasking protocol','2017-01-27','1609.25','ELC','Cthunderburger','Slollipop','PN'),
('166','Stand-alone bottom-line Graphic Interface','Business-focused methodical workforce','2017-06-28','7854.64','CCA','Mwinger','Jsmith','DI'),
('167','Down-sized static attitude','Persevering bi-directional time-frame','2017-06-21','4859.1','HOU','Pubtler','Slollipop','DI'),
('168','Diverse discrete service-desk','Monitored incremental intranet','2017-07-20','9641.61','CAT','Gpenguin','Ccats','DI'),
('169','Synergized background collaboration','Open-architected bottom-line interface','2017-06-18','6412.96','CAT','Bman','Drock','PN'),
('170','Cross-group bi-directional matrix','Pre-emptive coherent synergy','2017-01-08','5140.43','ELC','Drock','Ccats','AC'),
('171','Synergistic 4th generation paradigm','Multi-tiered analyzing data-warehouse','2017-07-31','11.18','HOU','Gking','Pbug','PN'),
('172','Digitized local help-desk','Expanded 24/7 parallelism','2017-03-05','9371.76','CCA','Djerk','Ajackson','PN'),
('173','Synergistic contextually-based artificial intelligence','Up-sized systematic middleware','2017-03-10','1009.78','ELC','Rkale','Slollipop','AC'),
('174','Ergonomic asynchronous time-frame','Distributed intangible emulation','2017-10-04','8833.36','HOU','Cbuun','Bmo','DI'),
('175','Intuitive zero tolerance extranet','Devolved tertiary internet solution','2017-03-20','3523.45','CAT','Dlord','Ccats','PN'),
('176','Diverse dedicated frame','Seamless bottom-line groupware','2017-03-02','3642.87','CCA','Mabadeer','Esandwhich','DI'),
('177','Expanded local structure','Programmable zero defect orchestration','2017-02-04','468.45','HOU','Bhero','Ccats','DI'),
('178','Programmable radical service-desk','Centralized high-level neural-net','2017-05-15','8766.23','ELC','Bmo','Pbubblegum','DI'),
('179','Adaptive holistic capacity','Upgradable even-keeled monitoring','2017-12-07','2682.93','CCA','Bprince','Jsmith','DI'),
('180','Optional homogeneous success','Assimilated secondary toolset','2017-05-04','701.78','CCA','Ccorn','Jsmith','AC'),
('181','Customizable mobile productivity','Grass-roots eco-centric hub','2017-12-17','2563.07','ELC','Alincoln','Pbubblegum','DI'),
('182','Balanced static capacity','Programmable client-driven project','2017-10-21','108.51','CAT','Alincoln','Jsmith','PN'),
('183','Extended radical local area network','Optional optimal encoding','2017-05-29','6214.12','CAT','Ccorn','Jsmith','DI'),
('184','Switchable holistic protocol','Ergonomic intangible knowledge base','2017-07-15','4359.04','CAT','Pbubblegum','Cgoose','DI'),
('185','Digitized full-range analyzer','Function-based motivating open system','2017-09-21','3716.5','CAT','Rkale','Slollipop','PN'),
('186','Configurable grid-enabled strategy','Stand-alone mobile monitoring','2017-12-29','768.8','HOU','Mwinger','Pbubblegum','PN'),
('187','Synergistic cohesive pricing structure','Open-source secondary success','2017-07-14','277.28','CCA','Dprincess','Ccats','DI'),
('188','Networked modular complexity','Streamlined intermediate approach','2017-01-30','5401.16','HOU','Pbug','Mwinger','AC'),
('189','Balanced systemic customer loyalty','User-friendly bi-directional service-desk','2017-05-08','5498.44','ELC','Bmen','Bmo','DI'),
('190','Total intermediate infrastructure','Inverse 24/7 interface','2017-11-07','533.2','HOU','Bnose','Ccats','AC'),
('191','Cross-group upward-trending focus group','Ergonomic secondary workforce','2017-06-08','6216.11','HOU','Drock','Cgoose','AC'),
('192','Focused optimal access','Visionary asynchronous encoding','2017-04-23','8449.44','ELC','Gking','Pbug','AC'),
('193','Mandatory modular challenge','Cross-platform foreground process improvement','2017-04-19','8002.56','HOU','Sali','Ccats','AC'),
('194','Phased uniform benchmark','Focused logistical workforce','2017-02-25','6334.23','ELC','Ccorn','Esandwhich','AC'),
('195','Secured empowering array','Ergonomic directional protocol','2017-08-31','1496.82','HOU','Gking','Slollipop','DI'),
('196','Self-enabling actuating definition','Inverse global open system','2017-08-31','7910.81','CAT','Pubtler','Ajackson','PN'),
('197','Right-sized web-enabled projection','Organic 6th generation algorithm','2017-01-04','1983.54','CAT','Aemberton','Ccats','PN'),
('198','Reactive zero defect flexibility','Visionary content-based Graphic Interface','2017-12-12','6142.93','CAT','Rkale','Jsmith','PN'),
('199','Organic interactive installation','Reduced bifurcated superstructure','2017-08-23','9499.14','CCA','Jbaxter','Ccats','DI'),
('200','Persevering analyzing monitoring','Customer-focused mobile initiative','2017-05-29','7277.08','ELC','Esandwhich','Jsmith','PN'),
('201','Assimilated background hardware','Multi-lateral local monitoring','2017-12-17','2672.03','ELC','Drock','Esandwhich','AC'),
('202','Digitized uniform intranet','Polarised zero defect approach','2017-08-14','208.48','CCA','Pbubblegum','Drock','PN'),
('203','Open-architected grid-enabled functionalities','Centralized global software','2017-06-29','2356.49','HOU','Mabadeer','Pbubblegum','AC'),
('204','User-centric 6th generation database','Reverse-engineered national array','2017-06-27','1308.32','CCA','Drock','Cgoose','DI'),
('205','Business-focused discrete hardware','User-centric didactic strategy','2017-07-02','3743.03','CCA','Dmaddy','Cgoose','DI'),
('206','Ergonomic static local area network','Vision-oriented 3rd generation workforce','2017-01-30','2344.73','CAT','Bprince','Mwinger','AC'),
('207','Decentralized dynamic array','Front-line global knowledge base','2017-12-01','1870.56','CAT','Mlee','Mwinger','DI'),
('208','Customer-focused multimedia time-frame','Future-proofed neutral collaboration','2017-01-17','8566.68','CAT','Jbarnes','Bmo','DI'),
('209','Compatible clear-thinking frame','Enterprise-wide multimedia moderator','2017-10-02','7359.3','CAT','Bnose','Jsmith','AC'),
('210','Phased 3rd generation Graphical User Interface','Operative modular superstructure','2017-11-05','3165.34','HOU','Cbuun','Slollipop','DI'),
('211','Automated incremental complexity','Decentralized bi-directional standardization','2017-07-31','2250.42','CAT','Pbubblegum','Pbubblegum','AC'),
('212','Down-sized executive model','Reverse-engineered user-facing internet solution','2017-11-18','2781.51','CAT','Rkale','Bmo','AC'),
('213','Proactive didactic superstructure','Devolved methodical strategy','2017-02-06','6895.8','CCA','Mcalhoun','Esandwhich','PN'),
('214','Managed asymmetric success','Public-key multi-tasking website','2017-01-22','6216.9','CCA','Tyang','Drock','AC'),
('215','Horizontal encompassing complexity','Ameliorated contextually-based adapter','2017-01-16','1606.63','ELC','Mlee','Ajackson','DI'),
('216','De-engineered cohesive system engine','Public-key actuating capability','2017-04-05','3292.01','HOU','Bnose','Esandwhich','DI'),
('217','Multi-channelled maximized circuit','Synergistic asynchronous hardware','2017-02-14','3318.9','ELC','Dlord','Ajackson','AC'),
('218','Fully-configurable zero defect installation','Pre-emptive stable concept','2017-02-03','6865.3','HOU','Pbubblegum','Ajackson','AC'),
('219','Customizable content-based hardware','User-friendly 24 hour emulation','2017-10-25','8209.62','HOU','Jdog','Pbubblegum','DI'),
('220','Implemented zero defect function','Universal responsive synergy','2017-12-01','267.05','CAT','Drock','Ccats','AC'),
('221','Networked zero administration contingency','Total tertiary system engine','2017-12-27','7763.23','ELC','Gking','Pbug','DI'),
('222','Team-oriented foreground definition','Profound leading edge adapter','2017-04-09','5440.21','CAT','Tyang','Pbug','PN'),
('223','Configurable solution-oriented alliance','Synergistic contextually-based strategy','2017-07-16','692.93','CAT','Gpenguin','Drock','AC'),
('224','Cross-platform multimedia complexity','Compatible fault-tolerant algorithm','2017-06-02','9100.93','HOU','Jbaxter','Bmo','PN'),
('225','Up-sized intermediate capacity','Enterprise-wide empowering encryption','2017-09-10','2711.74','ELC','Djerk','Esandwhich','PN'),
('226','Proactive 5th generation definition','Open-source actuating customer loyalty','2017-03-10','7361.48','CAT','Ccats','Esandwhich','AC'),
('227','Operative fresh-thinking challenge','Integrated scalable Graphical User Interface','2017-08-03','158.97','HOU','Bnose','Ajackson','AC'),
('228','Organic well-modulated process improvement','Down-sized incremental solution','2017-07-18','6896.28','ELC','Ajackson','Pbubblegum','AC'),
('229','Front-line encompassing orchestration','Extended methodical moderator','2017-05-19','2064.05','ELC','Jdog','Pbug','AC'),
('230','Optional impactful protocol','Polarised 5th generation instruction set','2017-11-04','2611.4','HOU','Drock','Slollipop','AC'),
('231','Fundamental bandwidth-monitored encryption','Multi-channelled real-time access','2017-09-09','7868.0','CAT','Tyang','Ajackson','AC'),
('232','Enhanced bottom-line local area network','Multi-tiered system-worthy hierarchy','2017-05-07','5797.53','CCA','Pbug','Pbug','PN'),
('233','Horizontal multi-tasking help-desk','Future-proofed full-range support','2017-02-26','2640.2','CAT','Bmo','Ccats','AC'),
('234','Virtual static encryption','Fundamental empowering core','2017-12-19','2202.54','ELC','Dprincess','Pbubblegum','AC'),
('235','Upgradable bandwidth-monitored interface','Compatible bandwidth-monitored implementation','2017-05-23','2433.55','HOU','Bprince','Pbubblegum','PN'),
('236','Intuitive homogeneous encoding','Enterprise-wide dynamic ability','2017-01-14','102.13','ELC','Fprincess','Bmo','PN'),
('237','Sharable 3rd generation circuit','Polarised static methodology','2017-11-22','7840.04','ELC','Dprincess','Pbug','AC'),
('238','Re-contextualized mission-critical artificial intelligence','Re-contextualized 4th generation neural-net','2017-10-03','9033.07','CAT','Bmo','Slollipop','AC'),
('239','Polarised intangible challenge','Ameliorated multi-tasking system engine','2017-09-08','7828.41','CAT','Dprincess','Bmo','AC'),
('240','Balanced composite workforce','Advanced eco-centric intranet','2017-05-06','7628.38','ELC','Mcalhoun','Slollipop','DI'),
('241','Distributed web-enabled firmware','Configurable bifurcated throughput','2017-12-17','5243.36','HOU','Fprincess','Slollipop','AC'),
('242','Open-architected discrete extranet','Self-enabling 3rd generation ability','2017-10-11','2061.87','HOU','Gking','Pbug','DI'),
('243','Extended modular contingency','Multi-channelled fault-tolerant utilisation','2017-08-23','5417.35','CAT','Rkale','Mwinger','PN'),
('244','Cloned uniform definition','Customer-focused client-driven extranet','2017-02-11','3606.56','CAT','Cgoose','Ajackson','AC'),
('245','Synchronised well-modulated instruction set','Extended encompassing website','2017-04-29','8494.7','CAT','Mwinger','Cgoose','DI'),
('246','Enterprise-wide 3rd generation complexity','Open-architected analyzing contingency','2017-10-24','4359.1','CAT','Bgrof','Bmo','DI'),
('247','Realigned composite projection','Polarised fresh-thinking projection','2017-10-16','8779.41','CCA','Gpenguin','Pbug','DI'),
('248','Proactive disintermediate local area network','Expanded needs-based product','2017-04-10','9410.99','CAT','Mlee','Drock','PN'),
('249','Universal 4th generation attitude','Vision-oriented 5th generation time-frame','2017-11-25','5358.16','CAT','Bprince','Drock','DI'),
('250','Seamless needs-based product','Multi-lateral maximized help-desk','2017-06-06','7082.1','HOU','Ccorn','Ajackson','AC'),
('251','Organic upward-trending open system','Ergonomic secondary artificial intelligence','2017-03-28','4416.54','CCA','Ccats','Drock','AC'),
('252','Total full-range conglomeration','Innovative reciprocal conglomeration','2017-05-29','1037.65','CCA','Mabadeer','Cgoose','DI'),
('253','Centralized grid-enabled pricing structure','Seamless motivating leverage','2017-06-03','1215.58','ELC','Mwinger','Pbubblegum','AC'),
('254','Open-architected intermediate attitude','Realigned bottom-line definition','2017-08-14','5833.36','ELC','Mwinger','Mwinger','DI'),
('255','Customizable systemic array','Quality-focused analyzing intranet','2017-08-16','3807.91','CAT','Fmertins','Cgoose','DI'),
('256','Face to face cohesive algorithm','Intuitive needs-based extranet','2017-08-06','9477.36','HOU','Bmo','Ccats','AC'),
('257','Self-enabling foreground secured line','Switchable solution-oriented strategy','2017-02-20','8814.98','HOU','Gpenguin','Cgoose','PN'),
('258','Open-source regional software','Streamlined mission-critical capacity','2017-10-14','6607.2','CCA','Bmen','Mwinger','AC'),
('259','Open-architected eco-centric moratorium','Extended eco-centric capacity','2017-05-12','7701.64','HOU','Mlee','Pbug','AC'),
('260','Balanced static neural-net','Intuitive attitude-oriented challenge','2017-04-19','1754.16','CCA','Jsmith','Ccats','DI'),
('261','Enterprise-wide 5th generation interface','User-centric content-based collaboration','2017-12-14','6959.43','CCA','Thenderson','Pbubblegum','AC'),
('262','Versatile bi-directional focus group','De-engineered next generation local area network','2017-01-06','7133.66','CCA','Mabadeer','Ajackson','DI'),
('263','Integrated intangible knowledge base','Down-sized value-added functionalities','2017-01-12','2983.94','CAT','Gever','Bmo','PN'),
('264','Enterprise-wide reciprocal budgetary management','Grass-roots methodical support','2017-02-06','9735.06','CAT','Pscott','Drock','AC'),
('265','User-centric systemic infrastructure','Organized intermediate algorithm','2017-01-30','5151.02','CCA','Dlord','Pbug','PN'),
('266','Optional object-oriented middleware','Innovative uniform capability','2017-01-08','263.44','HOU','Fmertins','Esandwhich','AC'),
('267','Organized motivating leverage','Secured solution-oriented algorithm','2017-05-15','9575.84','ELC','Cking','Esandwhich','PN'),
('268','Progressive mobile access','Customer-focused clear-thinking firmware','2017-03-04','9444.11','CAT','Ccats','Drock','PN'),
('269','Quality-focused 5th generation conglomeration','Automated maximized benchmark','2017-10-26','8489.56','CAT','Jburgerfoot','Slollipop','DI'),
('270','Polarised interactive neural-net','Down-sized intangible migration','2017-05-25','726.63','CCA','Fprincess','Pbubblegum','AC'),
('271','Digitized asynchronous software','Open-architected maximized strategy','2017-02-26','3769.18','ELC','Bdummy','Pbug','DI'),
('272','Pre-emptive impactful frame','Centralized interactive firmware','2017-06-25','9221.72','CAT','Esandwhich','Jsmith','PN'),
('273','Organic incremental model','Organized contextually-based portal','2017-09-16','4573.09','CAT','Jsmith','Pbug','PN'),
('274','Cross-group upward-trending product','De-engineered clear-thinking matrices','2017-09-10','7045.33','HOU','Dlord','Slollipop','AC'),
('275','Triple-buffered static neural-net','Organized 24 hour emulation','2017-02-08','3327.42','CCA','Slollipop','Jsmith','AC'),
('276','Balanced eco-centric open system','Multi-channelled even-keeled Graphic Interface','2017-11-23','8302.62','CAT','Ajackson','Drock','PN'),
('277','Distributed 5th generation encryption','Configurable 6th generation emulation','2017-03-09','2506.8','HOU','Sali','Cgoose','DI'),
('278','Innovative asymmetric model','Fully-configurable 4th generation matrices','2017-05-23','2622.84','CAT','Mlee','Bmo','PN'),
('279','Monitored dynamic software','Re-engineered mobile artificial intelligence','2017-07-23','1786.86','CCA','Mlee','Ccats','PN'),
('280','Programmable encompassing moderator','Assimilated eco-centric groupware','2017-03-18','2173.44','CCA','Ccats','Esandwhich','DI'),
('281','Future-proofed reciprocal monitoring','Versatile object-oriented strategy','2017-12-12','6649.96','CAT','Dmaddy','Cgoose','PN'),
('282','Reverse-engineered encompassing adapter','Persevering executive open system','2017-10-22','8221.68','CCA','Fprincess','Esandwhich','PN'),
('283','Proactive grid-enabled architecture','Innovative didactic hardware','2017-04-21','9521.05','HOU','Ccorn','Jsmith','PN'),
('284','Re-contextualized directional benchmark','Horizontal motivating hierarchy','2017-12-05','7167.24','CCA','Dprincess','Ajackson','AC'),
('285','Devolved motivating approach','Synchronised 6th generation forecast','2017-09-19','9951.38','CCA','Ajackson','Bmo','AC'),
('286','Multi-tiered discrete matrices','Public-key reciprocal Graphical User Interface','2017-11-11','6542.14','ELC','Dlord','Jsmith','AC'),
('287','Persevering actuating moratorium','Reverse-engineered analyzing neural-net','2017-03-25','6214.38','HOU','Djerk','Bmo','DI'),
('288','Pre-emptive actuating process improvement','Diverse grid-enabled initiative','2017-09-11','1022.14','ELC','Drock','Pbubblegum','DI'),
('289','Optional neutral model','Ameliorated eco-centric challenge','2017-04-23','137.51','CCA','Jdog','Pbubblegum','DI'),
('290','Switchable object-oriented initiative','Advanced fault-tolerant website','2017-09-03','4371.78','HOU','Bnose','Ccats','AC'),
('291','Grass-roots tangible support','Enterprise-wide local portal','2017-01-27','742.47','ELC','Jburgerfoot','Ajackson','DI'),
('292','Cross-group multi-tasking product','Visionary systematic projection','2017-06-19','6517.22','CAT','Bdummy','Bmo','AC'),
('293','Synchronised optimal superstructure','Advanced reciprocal process improvement','2017-09-18','1897.59','CCA','Esandwhich','Esandwhich','DI'),
('294','Extended disintermediate moderator','Switchable attitude-oriented Graphic Interface','2017-01-12','4080.61','CCA','Dprincess','Cgoose','AC'),
('295','Secured human-resource website','Function-based hybrid focus group','2017-04-03','4223.77','CAT','Sali','Bmo','PN'),
('296','Cloned empowering benchmark','Multi-lateral static algorithm','2017-12-12','3476.44','CCA','Aemberton','Cgoose','AC'),
('297','Future-proofed client-driven internet solution','Open-architected zero tolerance firmware','2017-01-19','9464.31','HOU','Jburgerfoot','Pbubblegum','AC'),
('298','Switchable context-sensitive extranet','Fully-configurable disintermediate flexibility','2017-08-28','9854.2','HOU','Pbubblegum','Jsmith','AC'),
('299','Proactive zero tolerance pricing structure','Public-key needs-based methodology','2017-06-25','3353.8','CAT','Alincoln','Slollipop','DI'),
('300','Visionary stable time-frame','Realigned incremental framework','2017-07-15','4948.32','CCA','Rkale','Mwinger','PN'),
('301','Pre-emptive homogeneous product','Expanded system-worthy paradigm','2017-08-19','2361.7','CCA','Jbaxter','Bmo','DI'),
('302','Right-sized dynamic array','Ergonomic national framework','2017-05-29','5041.57','CAT','Bgrof','Cgoose','PN'),
('303','User-friendly bottom-line paradigm','Re-engineered dedicated process improvement','2017-10-22','8776.09','HOU','Esandwhich','Cgoose','PN'),
('304','Profound logistical conglomeration','Public-key real-time access','2017-07-09','171.14','CCA','Cbuun','Pbug','PN'),
('305','Configurable empowering parallelism','Total modular attitude','2017-06-01','3364.48','CAT','Tyang','Esandwhich','PN'),
('306','Extended content-based open system','Enterprise-wide client-driven adapter','2017-04-11','5359.87','ELC','Dmaddy','Jsmith','PN'),
('307','Virtual responsive internet solution','Team-oriented attitude-oriented function','2017-04-07','1325.58','HOU','Bgrof','Ccats','DI'),
('308','Open-architected dynamic system engine','Fully-configurable 24/7 model','2017-09-01','7413.1','ELC','Bnose','Esandwhich','PN'),
('309','Business-focused multi-state toolset','Object-based tangible firmware','2017-10-28','3789.17','HOU','Bdummy','Ajackson','AC'),
('310','Fully-configurable explicit core','Right-sized exuding data-warehouse','2017-01-07','4951.72','ELC','Elemongrab','Pbug','DI'),
('311','Future-proofed didactic utilisation','Programmable client-server Graphic Interface','2017-11-18','714.34','ELC','Esandwhich','Mwinger','DI'),
('312','Organic scalable extranet','Automated homogeneous groupware','2017-02-04','9986.71','CAT','Pbug','Pbubblegum','AC'),
('313','Progressive uniform paradigm','Grass-roots well-modulated structure','2017-07-15','9504.5','ELC','Gking','Cgoose','AC'),
('314','Organic disintermediate utilisation','Configurable object-oriented knowledge user','2017-05-12','5938.47','ELC','Bmo','Ajackson','DI'),
('315','Pre-emptive secondary installation','Automated explicit solution','2017-09-13','2825.42','HOU','Dprincess','Esandwhich','DI'),
('316','Visionary composite orchestration','Digitized dynamic complexity','2017-05-14','9847.52','CAT','Ccats','Ccats','PN'),
('317','Fully-configurable exuding attitude','Customer-focused well-modulated parallelism','2017-05-08','7671.25','HOU','Alincoln','Bmo','PN'),
('318','Vision-oriented intangible solution','Synergized uniform methodology','2017-05-01','9910.4','HOU','Jbarnes','Cgoose','AC'),
('319','Open-source value-added leverage','Inverse maximized definition','2017-04-29','4301.04','CCA','Fprincess','Pbubblegum','DI'),
('320','Operative client-driven help-desk','Extended mobile orchestration','2017-03-30','4907.85','HOU','Bmen','Drock','DI'),
('321','Enhanced discrete application','Sharable real-time challenge','2017-11-14','605.78','HOU','Drock','Pbug','DI'),
('322','Stand-alone real-time customer loyalty','De-engineered 5th generation concept','2017-03-02','5373.57','ELC','Gking','Bmo','DI'),
('323','Implemented holistic projection','Sharable disintermediate intranet','2017-07-20','8671.2','CCA','Bmo','Slollipop','PN'),
('324','Advanced context-sensitive project','Cross-group modular groupware','2017-05-12','748.89','HOU','Dmaddy','Pbubblegum','AC'),
('325','Advanced bottom-line system engine','Intuitive homogeneous implementation','2017-03-18','3031.47','ELC','Dmaddy','Slollipop','PN'),
('326','Customizable scalable algorithm','Fully-configurable motivating analyzer','2017-02-18','8782.49','CAT','Mlee','Jsmith','AC'),
('327','Sharable mobile archive','Reverse-engineered human-resource firmware','2017-07-20','7780.15','HOU','Jburgerfoot','Cgoose','DI'),
('328','Ameliorated intangible neural-net','Stand-alone high-level model','2017-04-13','6808.47','CCA','Jbarnes','Slollipop','PN'),
('329','Extended 3rd generation framework','Digitized solution-oriented migration','2017-11-14','6078.59','CAT','Bprince','Mwinger','AC'),
('330','Balanced global knowledge base','Reduced real-time monitoring','2017-05-05','4496.2','CAT','Ccats','Ajackson','DI'),
('331','Adaptive intermediate implementation','User-friendly holistic service-desk','2017-11-30','4318.66','CAT','Mlee','Cgoose','DI'),
('332','Ameliorated actuating system engine','Upgradable discrete analyzer','2017-08-05','8485.28','ELC','Bmen','Slollipop','PN'),
('333','Focused zero defect customer loyalty','Diverse bifurcated customer loyalty','2017-12-02','4364.32','HOU','Slollipop','Drock','AC'),
('334','Automated non-volatile installation','Polarised optimizing open architecture','2017-05-06','2866.84','CCA','Bhero','Esandwhich','DI'),
('335','Versatile directional archive','Proactive tertiary toolset','2017-06-24','5098.66','HOU','Ajackson','Cgoose','PN'),
('336','Secured mission-critical parallelism','Progressive systemic installation','2017-04-29','6363.45','ELC','Cbuun','Jsmith','PN'),
('337','Switchable non-volatile success','Visionary content-based contingency','2017-03-19','969.34','CCA','Pubtler','Pbug','AC'),
('338','Face to face zero tolerance intranet','Function-based background intranet','2017-07-23','3348.5','CAT','Pbug','Esandwhich','AC'),
('339','Mandatory radical extranet','Automated scalable flexibility','2017-11-02','5431.84','ELC','Jburgerfoot','Esandwhich','PN'),
('340','Implemented well-modulated task-force','Diverse cohesive array','2017-05-29','9006.4','CCA','Fprincess','Esandwhich','PN'),
('341','Proactive executive monitoring','Polarised context-sensitive pricing structure','2017-06-10','1846.43','HOU','Pubtler','Ccats','DI'),
('342','Reactive executive system engine','Up-sized bifurcated frame','2017-12-07','4091.12','CCA','Bgrof','Drock','DI'),
('343','Total multimedia analyzer','Open-source impactful framework','2017-05-11','3315.97','HOU','Jbaxter','Mwinger','AC'),
('344','Re-engineered multi-state ability','Extended bottom-line process improvement','2017-02-03','999.48','CAT','Mwinger','Mwinger','DI'),
('345','Advanced bi-directional superstructure','Visionary motivating instruction set','2017-06-15','9838.86','CAT','Alincoln','Bmo','PN'),
('346','Fundamental neutral local area network','Virtual global focus group','2017-08-23','4321.23','HOU','Ccorn','Bmo','DI'),
('347','Robust mission-critical migration','Profound encompassing circuit','2017-05-13','9092.35','CAT','Jbaxter','Esandwhich','AC'),
('348','Public-key background success','Programmable optimal matrices','2017-03-10','8300.81','ELC','Ccats','Bmo','PN'),
('349','Triple-buffered client-driven function','Vision-oriented fault-tolerant initiative','2017-11-20','9911.44','CCA','Jbarnes','Bmo','PN'),
('350','Diverse regional approach','Stand-alone dynamic monitoring','2017-02-01','6051.23','CAT','Bman','Ccats','AC'),
('351','Pre-emptive bifurcated parallelism','Synchronised optimal neural-net','2017-04-04','2193.48','ELC','Djerk','Pbug','DI'),
('352','Monitored motivating adapter','Assimilated tertiary challenge','2017-02-14','508.0','CCA','Dprincess','Ajackson','PN'),
('353','Horizontal system-worthy emulation','Networked logistical knowledge base','2017-10-18','2098.0','CCA','Esandwhich','Slollipop','DI'),
('354','Compatible national success','Multi-layered background synergy','2017-08-09','7051.98','ELC','Jbaxter','Ccats','PN'),
('355','Future-proofed next generation instruction set','Diverse user-facing knowledge base','2017-01-08','4385.75','CCA','Bprince','Ccats','AC'),
('356','Triple-buffered needs-based workforce','Decentralized zero tolerance success','2017-07-24','3975.63','CAT','Dlord','Esandwhich','PN'),
('357','Implemented 24/7 challenge','De-engineered full-range approach','2017-12-28','7685.64','HOU','Ajackson','Ajackson','PN'),
('358','Monitored systemic structure','Triple-buffered regional forecast','2017-02-24','6559.94','CCA','Cgoose','Jsmith','DI'),
('359','Cross-group dynamic concept','Intuitive non-volatile monitoring','2017-07-02','3407.64','ELC','Alincoln','Jsmith','AC'),
('360','Diverse content-based toolset','Self-enabling maximized access','2017-12-08','3887.79','CCA','Cbuun','Drock','DI'),
('361','Managed upward-trending moderator','Multi-layered responsive project','2017-10-26','1713.17','CCA','Dmaddy','Pbug','PN'),
('362','Organic tangible forecast','Multi-layered context-sensitive leverage','2017-08-08','1417.68','HOU','Dmaddy','Slollipop','AC'),
('363','Front-line logistical forecast','Phased radical interface','2017-10-12','1630.54','HOU','Gking','Cgoose','DI'),
('364','Visionary responsive website','Team-oriented contextually-based protocol','2017-09-29','4651.42','CCA','Dmaddy','Ccats','DI'),
('365','Quality-focused regional system engine','Profound tertiary archive','2017-06-03','3376.21','CCA','Sundertale','Ccats','DI'),
('366','Intuitive contextually-based secured line','Exclusive incremental workforce','2017-03-13','5790.69','CAT','Alincoln','Bmo','AC'),
('367','Reduced intangible pricing structure','Multi-lateral directional paradigm','2017-07-23','9577.57','CCA','Mwinger','Esandwhich','DI'),
('368','Optimized bifurcated initiative','Public-key radical leverage','2017-03-22','7097.6','HOU','Aemberton','Pbubblegum','AC'),
('369','Down-sized attitude-oriented functionalities','Grass-roots context-sensitive product','2017-08-25','1345.95','ELC','Fprincess','Drock','PN'),
('370','Right-sized non-volatile neural-net','User-centric coherent neural-net','2017-10-10','6498.28','CCA','Bhero','Cgoose','AC'),
('371','Automated web-enabled success','User-centric discrete system engine','2017-08-06','7334.01','HOU','Bmen','Esandwhich','PN'),
('372','Adaptive coherent solution','Polarised systematic application','2017-09-30','4067.4','CCA','Sundertale','Ccats','PN'),
('373','Seamless stable task-force','Fully-configurable regional alliance','2017-06-14','279.48','ELC','Bprince','Ccats','DI'),
('374','Universal multi-state matrices','Profit-focused contextually-based capability','2017-05-18','2047.82','ELC','Cthunderburger','Mwinger','AC'),
('375','Versatile clear-thinking system engine','Enhanced non-volatile leverage','2017-04-08','9765.49','CCA','Gever','Drock','DI'),
('376','Synchronised attitude-oriented productivity','Virtual interactive application','2017-10-23','327.49','CCA','Rkale','Bmo','PN'),
('377','Team-oriented discrete extranet','Reverse-engineered transitional website','2017-02-09','5212.14','ELC','Dmaddy','Drock','DI'),
('378','Fundamental next generation alliance','Grass-roots optimizing process improvement','2017-05-07','2975.33','HOU','Pscott','Pbug','AC'),
('379','Compatible value-added knowledge base','Configurable systemic workforce','2017-06-13','752.4','HOU','Bman','Mwinger','PN'),
('380','Team-oriented 4th generation budgetary management','Fundamental systemic functionalities','2017-01-22','955.92','ELC','Ccats','Cgoose','DI'),
('381','Profound optimizing info-mediaries','Ameliorated intangible matrix','2017-08-01','5166.99','ELC','Jsmith','Drock','AC'),
('382','Cross-platform asymmetric help-desk','Business-focused 24 hour superstructure','2017-09-03','42.0','ELC','Cowl','Drock','PN'),
('383','Business-focused demand-driven hardware','Focused non-volatile task-force','2017-05-28','5153.93','ELC','Bhero','Ccats','PN'),
('384','Fully-configurable disintermediate challenge','Sharable contextually-based conglomeration','2017-03-11','1838.61','ELC','Rkale','Pbug','AC'),
('385','Right-sized object-oriented core','Balanced client-driven archive','2017-12-17','9493.45','CAT','Ajackson','Esandwhich','DI'),
('386','Enhanced fresh-thinking superstructure','Automated dynamic matrices','2017-01-27','6120.18','CAT','Jsmith','Esandwhich','AC'),
('387','Grass-roots regional internet solution','Enterprise-wide national protocol','2017-01-19','3140.88','HOU','Sundertale','Drock','AC'),
('388','Organic intermediate adapter','Open-source cohesive interface','2017-02-06','4706.75','CCA','Dlord','Ccats','AC'),
('389','Persistent upward-trending protocol','De-engineered contextually-based orchestration','2017-04-28','7749.26','CCA','Jdog','Mwinger','DI'),
('390','Programmable fault-tolerant strategy','Cloned high-level framework','2017-07-06','5634.46','ELC','Jburgerfoot','Pbug','AC'),
('391','Switchable eco-centric attitude','Configurable reciprocal frame','2017-06-15','1700.32','CAT','Sali','Esandwhich','PN'),
('392','Object-based reciprocal artificial intelligence','Public-key responsive core','2017-03-17','1204.91','ELC','Mwinger','Mwinger','DI'),
('393','Right-sized zero tolerance standardization','Managed non-volatile open architecture','2017-07-17','3589.67','HOU','Esandwhich','Drock','PN'),
('394','Reverse-engineered responsive function','De-engineered solution-oriented support','2017-07-28','3312.77','HOU','Slollipop','Mwinger','AC'),
('395','Distributed real-time complexity','Optional context-sensitive architecture','2017-01-16','6121.99','ELC','Bnose','Jsmith','PN'),
('396','Automated high-level paradigm','Extended transitional alliance','2017-12-02','7979.77','ELC','Gking','Mwinger','PN'),
('397','Organized bottom-line extranet','Multi-tiered disintermediate policy','2017-04-24','4452.61','HOU','Jdog','Slollipop','AC'),
('398','Synergistic web-enabled service-desk','Fundamental non-volatile collaboration','2017-01-14','1052.09','CCA','Jbarnes','Jsmith','PN'),
('399','Upgradable 4th generation moderator','Triple-buffered encompassing flexibility','2017-12-25','8104.54','ELC','Mabadeer','Drock','AC'),
('400','Mandatory 6th generation benchmark','Fully-configurable national ability','2017-01-06','338.01','HOU','Fprincess','Pbubblegum','AC'),
('401','Object-based modular website','Centralized content-based artificial intelligence','2017-02-24','2023.05','HOU','Tyang','Bmo','PN'),
('402','Open-architected empowering groupware','Up-sized zero defect paradigm','2017-08-27','3526.76','HOU','Cthunderburger','Ajackson','PN'),
('403','Robust fault-tolerant capability','Multi-tiered multimedia solution','2017-08-01','2662.07','CCA','Jsmith','Slollipop','AC'),
('404','Public-key intangible access','Customizable value-added toolset','2017-08-26','1243.46','ELC','Pbug','Mwinger','DI'),
('405','Cross-platform solution-oriented capacity','Triple-buffered 24/7 product','2017-03-17','8229.28','CCA','Gever','Pbubblegum','AC'),
('406','Visionary background capacity','Face to face responsive time-frame','2017-01-13','7087.06','ELC','Gking','Jsmith','DI'),
('407','Re-engineered multi-tasking open architecture','Self-enabling human-resource array','2017-09-01','4207.61','HOU','Elemongrab','Ccats','PN'),
('408','Vision-oriented leading edge system engine','Quality-focused interactive contingency','2017-01-07','270.34','CAT','Pbubblegum','Jsmith','DI'),
('409','Implemented uniform moderator','Stand-alone well-modulated hardware','2017-01-31','3060.57','CAT','Fprincess','Slollipop','AC'),
('410','Automated even-keeled moderator','Quality-focused 3rd generation infrastructure','2017-04-26','2331.82','ELC','Gking','Pbubblegum','PN'),
('411','Open-architected demand-driven instruction set','Optional 5th generation strategy','2017-09-12','1189.68','CCA','Fmertins','Pbubblegum','PN'),
('412','Team-oriented actuating benchmark','Managed heuristic website','2017-08-29','3316.44','HOU','Rkale','Cgoose','AC'),
('413','Operative discrete hardware','User-friendly client-server analyzer','2017-08-04','3355.18','ELC','Mwinger','Ajackson','AC'),
('414','Persistent empowering website','Optimized intermediate Graphic Interface','2017-09-15','5668.63','CAT','Alincoln','Ccats','DI'),
('415','Decentralized content-based structure','Fundamental explicit hierarchy','2017-12-16','3717.6','ELC','Ajackson','Pbubblegum','PN'),
('416','Up-sized mobile ability','Centralized hybrid function','2017-09-03','8277.03','HOU','Dlord','Ajackson','PN'),
('417','Progressive dynamic intranet','Automated discrete focus group','2017-01-16','3316.0','CCA','Jbaxter','Bmo','DI'),
('418','Right-sized bottom-line flexibility','Vision-oriented methodical solution','2017-06-29','9875.79','ELC','Mcalhoun','Pbubblegum','DI'),
('419','Re-contextualized zero administration budgetary management','Ameliorated global approach','2017-07-28','9548.94','CCA','Cowl','Cgoose','PN'),
('420','Pre-emptive mission-critical installation','Extended logistical paradigm','2017-11-22','7451.69','ELC','Esandwhich','Bmo','DI'),
('421','Extended exuding open architecture','Self-enabling 3rd generation firmware','2017-09-24','844.0','CCA','Cgoose','Ajackson','DI'),
('422','Multi-tiered global function','Customer-focused asymmetric process improvement','2017-06-23','1897.2','CAT','Drock','Esandwhich','PN'),
('423','Ergonomic web-enabled toolset','Triple-buffered contextually-based challenge','2017-11-24','8251.7','CCA','Pubtler','Ajackson','AC'),
('424','Pre-emptive hybrid concept','Cross-platform leading edge access','2017-02-16','7970.97','ELC','Djerk','Slollipop','PN'),
('425','Operative clear-thinking application','Persistent real-time interface','2017-02-11','6089.38','CAT','Slollipop','Mwinger','DI'),
('426','Persevering methodical installation','Visionary cohesive task-force','2017-09-03','1049.99','ELC','Jbaxter','Bmo','AC'),
('427','User-friendly even-keeled info-mediaries','Progressive context-sensitive concept','2017-06-01','4727.5','CCA','Cbuun','Slollipop','AC'),
('428','Triple-buffered attitude-oriented time-frame','Digitized client-driven matrices','2017-02-22','6452.51','ELC','Pscott','Cgoose','DI'),
('429','Exclusive interactive task-force','Centralized even-keeled flexibility','2017-03-10','3696.35','CAT','Bgrof','Drock','DI'),
('430','User-centric object-oriented contingency','Organic 24 hour matrices','2017-11-16','4139.32','CCA','Cking','Pbubblegum','PN'),
('431','Profit-focused regional adapter','Cloned bandwidth-monitored attitude','2017-04-18','8493.14','CCA','Esandwhich','Pbubblegum','PN'),
('432','Multi-layered methodical strategy','Grass-roots foreground open architecture','2017-07-13','8170.55','CAT','Djerk','Pbubblegum','AC'),
('433','Open-source background methodology','Diverse context-sensitive benchmark','2017-09-01','5886.76','CCA','Djerk','Cgoose','DI'),
('434','Synchronised uniform model','Assimilated scalable analyzer','2017-09-27','6303.28','CCA','Dlord','Bmo','PN'),
('435','Enterprise-wide heuristic secured line','Diverse stable complexity','2017-03-20','2042.5','CCA','Cgoose','Pbug','DI'),
('436','Phased disintermediate conglomeration','Profit-focused solution-oriented challenge','2017-10-27','8865.23','HOU','Ccorn','Cgoose','PN'),
('437','Focused intangible capacity','Function-based zero defect attitude','2017-11-10','2350.7','CCA','Jburgerfoot','Bmo','DI'),
('438','Universal 5th generation protocol','Virtual intermediate challenge','2017-11-17','3266.92','CCA','Thenderson','Pbug','DI'),
('439','Proactive mission-critical forecast','Profit-focused modular synergy','2017-12-29','6284.92','CAT','Pubtler','Ajackson','DI'),
('440','Devolved real-time projection','Total demand-driven knowledge user','2017-05-31','8208.74','CAT','Habadeer','Ccats','DI'),
('441','Centralized zero defect adapter','Streamlined 3rd generation flexibility','2017-01-13','3918.42','CCA','Tyang','Pbug','DI'),
('442','Secured user-facing synergy','Virtual maximized customer loyalty','2017-08-10','7362.2','CCA','Cbuun','Pbug','PN'),
('443','Sharable global challenge','Multi-channelled impactful matrices','2017-04-16','8453.3','ELC','Bhero','Ajackson','AC'),
('444','Reverse-engineered discrete moderator','Virtual methodical knowledge user','2017-09-25','5476.4','CCA','Tyang','Ccats','AC'),
('445','Pre-emptive dynamic product','Ameliorated homogeneous artificial intelligence','2017-05-21','997.29','CCA','Elemongrab','Mwinger','DI'),
('446','Innovative stable protocol','Total multimedia frame','2017-10-05','7797.36','CCA','Mlee','Cgoose','DI'),
('447','Optimized transitional alliance','Streamlined value-added orchestration','2017-09-24','5211.25','ELC','Cbuun','Mwinger','PN'),
('448','Robust demand-driven process improvement','Customizable bifurcated firmware','2017-11-20','8392.45','CCA','Cthunderburger','Jsmith','DI'),
('449','Optional context-sensitive paradigm','User-centric directional access','2017-04-13','9009.59','CCA','Pscott','Pbubblegum','DI'),
('450','Robust attitude-oriented focus group','Phased grid-enabled paradigm','2017-01-23','4525.39','ELC','Bhero','Cgoose','PN'),
('451','Fundamental value-added matrices','Quality-focused zero defect approach','2017-09-20','2979.37','ELC','Sundertale','Mwinger','DI'),
('452','Profit-focused executive installation','Devolved didactic hub','2017-03-31','3312.95','CAT','Dlord','Ajackson','PN'),
('453','Configurable eco-centric open system','Multi-channelled impactful benchmark','2017-05-10','129.04','CCA','Ccorn','Pbug','PN'),
('454','Digitized hybrid secured line','Multi-lateral bi-directional service-desk','2017-04-17','6681.8','CAT','Mabadeer','Jsmith','DI'),
('455','Synergistic neutral infrastructure','Integrated optimal knowledge base','2017-07-21','3972.72','CAT','Mcalhoun','Drock','DI'),
('456','Up-sized actuating capability','Customizable well-modulated solution','2017-02-06','8751.78','CCA','Cthunderburger','Slollipop','AC'),
('457','Operative stable concept','Universal real-time instruction set','2017-05-30','2742.18','HOU','Alincoln','Ajackson','PN'),
('458','User-friendly demand-driven architecture','Re-contextualized systemic monitoring','2017-02-27','805.0','CAT','Bhero','Drock','DI'),
('459','Advanced actuating portal','Synergized optimizing open architecture','2017-04-15','771.36','ELC','Tyang','Jsmith','PN'),
('460','Customizable value-added emulation','Synergistic bottom-line info-mediaries','2017-08-12','466.78','CAT','Bmo','Pbug','PN'),
('461','Proactive 4th generation hardware','Profound grid-enabled moratorium','2017-08-02','8755.5','CCA','Bdummy','Ajackson','DI'),
('462','Vision-oriented non-volatile utilisation','Cross-group zero defect success','2017-10-05','1158.19','HOU','Cowl','Jsmith','DI'),
('463','Grass-roots interactive moratorium','Cross-platform impactful forecast','2017-01-08','4011.88','HOU','Pubtler','Jsmith','DI'),
('464','Implemented tangible internet solution','Customizable tangible implementation','2017-01-26','6587.85','CCA','Bdummy','Bmo','PN'),
('465','Devolved directional throughput','Persevering bottom-line circuit','2017-02-15','3261.15','CCA','Cking','Slollipop','PN'),
('466','Public-key mobile intranet','Exclusive composite standardization','2017-04-11','4154.55','CAT','Jburgerfoot','Mwinger','PN'),
('467','Automated fresh-thinking challenge','Multi-channelled non-volatile hierarchy','2017-07-01','1513.2','ELC','Dprincess','Pbug','AC'),
('468','Phased optimal standardization','Proactive tertiary circuit','2017-07-28','7438.0','ELC','Dprincess','Drock','PN'),
('469','Persevering solution-oriented collaboration','Robust upward-trending ability','2017-03-29','7746.98','ELC','Alincoln','Drock','PN'),
('470','Monitored next generation budgetary management','Public-key even-keeled ability','2017-02-16','17.18','HOU','Cking','Ajackson','AC'),
('471','Down-sized motivating encoding','Total 24/7 process improvement','2017-03-18','1861.47','ELC','Fprincess','Pbubblegum','AC'),
('472','Optimized user-facing infrastructure','Public-key empowering alliance','2017-06-24','9647.62','HOU','Dmaddy','Drock','AC'),
('473','Persevering systemic definition','Quality-focused systemic access','2017-06-29','6709.36','CCA','Pbubblegum','Bmo','AC'),
('474','Right-sized exuding frame','Digitized upward-trending forecast','2017-03-02','5083.94','ELC','Sali','Pbubblegum','AC'),
('475','Synchronised static utilisation','Expanded transitional process improvement','2017-06-01','4971.42','HOU','Bnose','Bmo','DI'),
('476','Sharable zero tolerance frame','Face to face uniform workforce','2017-06-25','611.2','CAT','Rkale','Slollipop','PN'),
('477','Horizontal fault-tolerant migration','Organic even-keeled superstructure','2017-06-16','3597.69','ELC','Elemongrab','Ccats','DI'),
('478','Public-key even-keeled projection','Profound tertiary challenge','2017-12-21','9308.69','CAT','Ccorn','Slollipop','DI'),
('479','Multi-layered scalable approach','Cross-platform intermediate standardization','2017-02-09','2032.82','ELC','Fprincess','Ajackson','DI'),
('480','Profit-focused tertiary application','Networked impactful database','2017-05-04','9231.23','CCA','Dprincess','Mwinger','AC'),
('481','Multi-tiered impactful info-mediaries','Secured coherent framework','2017-01-24','9327.17','ELC','Bhero','Pbubblegum','DI'),
('482','Open-architected local adapter','Persistent leading edge focus group','2017-11-21','4666.76','ELC','Gpenguin','Ajackson','DI'),
('483','Enhanced asymmetric orchestration','Phased eco-centric benchmark','2017-11-27','3651.21','CAT','Pbubblegum','Drock','AC'),
('484','Fully-configurable systematic groupware','Re-contextualized neutral info-mediaries','2017-07-15','1655.53','CCA','Tyang','Pbubblegum','AC'),
('485','Extended real-time model','Reactive bifurcated orchestration','2017-01-06','8277.64','CCA','Bmen','Cgoose','AC'),
('486','Polarised 24 hour analyzer','Secured global policy','2017-07-24','4402.28','HOU','Dlord','Esandwhich','PN'),
('487','Virtual even-keeled core','Balanced human-resource paradigm','2017-07-30','9719.0','CAT','Bgrof','Bmo','AC'),
('488','Open-architected directional throughput','Total asynchronous contingency','2017-08-11','5671.61','CCA','Sundertale','Ccats','PN'),
('489','Visionary intermediate portal','Quality-focused explicit ability','2017-11-22','5606.3','CCA','Jsmith','Ccats','PN'),
('490','Realigned leading edge productivity','Function-based global info-mediaries','2017-03-18','4043.41','HOU','Esandwhich','Cgoose','PN'),
('491','Extended 3rd generation analyzer','Upgradable exuding firmware','2017-06-14','7769.72','CCA','Tyang','Mwinger','AC'),
('492','Realigned next generation emulation','User-centric tertiary emulation','2017-03-10','1788.18','ELC','Elemongrab','Slollipop','PN'),
('493','Networked directional function','Integrated bottom-line neural-net','2017-02-17','2076.96','HOU','Mabadeer','Ajackson','DI'),
('494','Synergized bandwidth-monitored challenge','Managed reciprocal data-warehouse','2017-03-21','844.58','ELC','Ccats','Ccats','AC'),
('495','Enterprise-wide content-based intranet','Digitized mobile knowledge user','2017-04-30','2896.86','CAT','Drock','Slollipop','AC'),
('496','Mandatory cohesive standardization','Extended multi-state solution','2017-06-03','66.99','CAT','Jdog','Ccats','PN'),
('497','Diverse human-resource structure','Enterprise-wide global matrices','2017-09-14','3839.12','HOU','Bmen','Jsmith','AC'),
('498','Open-source composite standardization','Universal client-driven data-warehouse','2017-02-22','4271.78','HOU','Elemongrab','Cgoose','AC'),
('499','Assimilated bandwidth-monitored contingency','Streamlined dynamic info-mediaries','2017-05-07','6292.82','HOU','Thenderson','Bmo','AC'),
('500','Expanded client-server adapter','Profit-focused national paradigm','2017-10-26','2658.86','CAT','Pubtler','Bmo','AC'),
('501','Re-contextualized methodical projection','Face to face holistic definition','2017-10-31','6166.37','CAT','Habadeer','Ccats','DI'),
('502','User-centric secondary migration','Operative 24 hour throughput','2017-05-21','1029.96','CCA','Cowl','Drock','PN'),
('503','Implemented zero defect toolset','User-centric logistical benchmark','2017-03-17','1639.43','HOU','Bman','Cgoose','AC'),
('504','Customizable intermediate knowledge base','Extended incremental time-frame','2017-07-12','2429.78','CCA','Cbuun','Esandwhich','PN'),
('505','Versatile bottom-line functionalities','Sharable local core','2017-09-18','9977.27','HOU','Slollipop','Esandwhich','PN'),
('506','Universal analyzing data-warehouse','Automated modular extranet','2017-12-27','356.52','HOU','Dlord','Drock','PN'),
('507','Focused web-enabled moderator','Profound background architecture','2017-05-04','8526.81','CCA','Bgrof','Ajackson','DI'),
('508','Self-enabling human-resource software','Phased empowering budgetary management','2017-12-11','5351.99','CAT','Cthunderburger','Ajackson','PN'),
('509','Assimilated stable policy','Assimilated multi-tasking capability','2017-05-25','9387.59','CCA','Pbug','Ccats','DI'),
('510','Function-based client-server orchestration','Cloned full-range frame','2017-07-23','618.6','CCA','Dmaddy','Bmo','PN'),
('511','Total 24 hour definition','Managed 4th generation emulation','2017-09-11','5644.34','ELC','Cowl','Slollipop','DI'),
('512','Object-based hybrid architecture','User-centric cohesive capability','2017-08-16','9686.54','CAT','Gking','Mwinger','DI'),
('513','Polarised didactic product','Ameliorated global model','2017-02-15','7216.05','CCA','Cthunderburger','Slollipop','DI'),
('514','Open-source exuding capacity','Ergonomic contextually-based installation','2017-09-29','3142.78','ELC','Rkale','Drock','PN'),
('515','Switchable zero administration standardization','Pre-emptive coherent migration','2017-04-20','1459.06','CCA','Cgoose','Esandwhich','DI'),
('516','Diverse content-based portal','Profit-focused leading edge info-mediaries','2017-10-13','3406.37','CAT','Jdog','Pbug','AC'),
('517','Object-based 5th generation middleware','Devolved zero defect productivity','2017-09-29','6987.67','HOU','Jbarnes','Mwinger','DI'),
('518','Cross-platform empowering neural-net','Assimilated hybrid matrices','2017-03-21','852.37','HOU','Mabadeer','Pbug','PN'),
('519','Horizontal scalable ability','Focused methodical intranet','2017-09-18','6930.0','ELC','Jdog','Ccats','PN'),
('520','Fully-configurable content-based implementation','Networked heuristic hub','2017-07-06','8925.44','ELC','Bgrof','Drock','PN'),
('521','Persevering incremental superstructure','Team-oriented client-server software','2017-07-21','8966.35','CAT','Ajackson','Drock','PN'),
('522','De-engineered cohesive interface','Enterprise-wide exuding productivity','2017-08-04','5203.45','ELC','Gpenguin','Bmo','DI'),
('523','Digitized cohesive task-force','Distributed neutral firmware','2017-08-15','6432.93','ELC','Rkale','Pbubblegum','AC'),
('524','Phased intangible help-desk','Multi-lateral asynchronous analyzer','2017-06-16','3564.09','HOU','Jdog','Pbubblegum','DI'),
('525','Synergized local middleware','Multi-lateral intangible installation','2017-06-11','2209.31','HOU','Dlord','Cgoose','DI'),
('526','Multi-tiered eco-centric focus group','Virtual non-volatile open system','2017-04-30','334.32','CCA','Jbaxter','Slollipop','DI'),
('527','Balanced eco-centric moderator','Implemented clear-thinking projection','2017-03-07','6186.96','CAT','Drock','Cgoose','PN'),
('528','Digitized secondary help-desk','Cloned attitude-oriented function','2017-02-03','7904.03','CCA','Pscott','Slollipop','DI'),
('529','Enterprise-wide regional monitoring','Implemented disintermediate policy','2017-11-09','9320.12','CCA','Pbug','Slollipop','DI'),
('530','Operative hybrid groupware','Extended foreground capacity','2017-06-24','8327.17','CCA','Pscott','Jsmith','DI'),
('531','Sharable bottom-line approach','Object-based optimal functionalities','2017-08-06','7934.6','CCA','Gpenguin','Esandwhich','AC'),
('532','Customizable client-driven knowledge user','Robust explicit core','2017-03-18','2561.16','ELC','Djerk','Slollipop','PN'),
('533','Progressive explicit focus group','Enhanced attitude-oriented neural-net','2017-12-14','2513.36','ELC','Cbuun','Ajackson','PN'),
('534','Multi-lateral client-server portal','Secured needs-based capability','2017-06-10','7958.13','HOU','Sali','Esandwhich','PN'),
('535','Object-based national installation','Virtual clear-thinking Graphical User Interface','2017-10-26','153.61','CCA','Ccorn','Jsmith','AC'),
('536','Customizable explicit intranet','Total leading edge open architecture','2017-05-05','6552.89','ELC','Ccorn','Bmo','DI'),
('537','Fully-configurable scalable help-desk','Enhanced content-based algorithm','2017-05-26','7202.68','HOU','Dmaddy','Ccats','AC'),
('538','Ameliorated even-keeled infrastructure','Polarised user-facing utilisation','2017-02-16','5706.93','CAT','Mlee','Jsmith','PN'),
('539','Adaptive contextually-based hierarchy','Horizontal encompassing contingency','2017-11-06','9755.4','ELC','Ccorn','Bmo','PN'),
('540','User-friendly object-oriented ability','Synergized intermediate interface','2017-06-27','4943.05','CCA','Elemongrab','Drock','AC'),
('541','Multi-layered bottom-line neural-net','Organized dynamic circuit','2017-11-14','1035.94','ELC','Gking','Jsmith','PN'),
('542','Operative modular help-desk','Vision-oriented zero administration protocol','2017-10-11','9826.45','ELC','Cthunderburger','Cgoose','AC'),
('543','Ergonomic tangible archive','Reactive executive matrices','2017-02-21','912.64','CCA','Cthunderburger','Drock','PN'),
('544','Automated solution-oriented hardware','Optional attitude-oriented collaboration','2017-03-02','1284.05','HOU','Rkale','Jsmith','DI'),
('545','Versatile intermediate leverage','Synergistic national encryption','2017-05-24','7838.88','CCA','Bhero','Pbubblegum','DI'),
('546','Open-source 24 hour architecture','Multi-layered real-time capacity','2017-09-25','9474.12','CAT','Ajackson','Pbug','PN'),
('547','Operative tertiary support','Inverse uniform throughput','2017-12-19','9218.22','ELC','Cowl','Cgoose','AC'),
('548','Stand-alone bifurcated system engine','Triple-buffered radical process improvement','2017-04-28','8146.26','HOU','Dlord','Bmo','DI'),
('549','Persevering neutral functionalities','Focused 3rd generation time-frame','2017-10-13','3015.17','CAT','Pscott','Cgoose','PN'),
('550','Progressive responsive implementation','Progressive foreground database','2017-03-05','8532.08','HOU','Sali','Mwinger','AC'),
('551','Business-focused tertiary moderator','User-centric dynamic analyzer','2017-09-12','4687.28','ELC','Pscott','Pbug','AC'),
('552','Triple-buffered bi-directional project','Organic next generation website','2017-10-29','5300.94','CCA','Gking','Slollipop','PN'),
('553','Versatile 4th generation conglomeration','Team-oriented object-oriented product','2017-08-11','7855.77','HOU','Cthunderburger','Esandwhich','AC'),
('554','Automated real-time focus group','Persevering full-range throughput','2017-02-22','1518.02','CCA','Alincoln','Cgoose','AC'),
('555','Decentralized optimizing productivity','Optional demand-driven matrices','2017-09-30','1147.28','ELC','Bdummy','Mwinger','DI'),
('556','Seamless 24 hour strategy','Advanced intermediate toolset','2017-10-09','1913.3','CCA','Sali','Pbug','AC'),
('557','Multi-tiered system-worthy emulation','Grass-roots uniform moratorium','2017-10-17','8395.07','HOU','Drock','Ccats','AC'),
('558','Enterprise-wide high-level project','Decentralized needs-based implementation','2017-06-09','95.28','HOU','Jbarnes','Cgoose','DI'),
('559','Visionary stable workforce','Multi-channelled bandwidth-monitored utilisation','2017-07-04','9251.59','CAT','Cgoose','Pbug','DI'),
('560','Reduced clear-thinking focus group','Cross-platform cohesive infrastructure','2017-08-23','3386.87','CCA','Alincoln','Pbubblegum','DI'),
('561','Ergonomic tangible functionalities','Managed 6th generation portal','2017-04-08','3976.31','HOU','Jburgerfoot','Esandwhich','DI'),
('562','Multi-tiered client-driven help-desk','Future-proofed user-facing function','2017-12-17','8237.62','CAT','Sali','Pbug','DI'),
('563','Diverse optimizing hardware','Focused asynchronous monitoring','2017-09-04','2161.79','CCA','Jburgerfoot','Drock','AC'),
('564','Upgradable bandwidth-monitored neural-net','Proactive systemic website','2017-08-13','5798.33','CCA','Habadeer','Esandwhich','DI'),
('565','Mandatory asymmetric instruction set','Enterprise-wide transitional access','2017-05-14','4723.88','HOU','Dlord','Bmo','AC'),
('566','Optional human-resource service-desk','Realigned grid-enabled customer loyalty','2017-02-21','2075.05','CCA','Sundertale','Esandwhich','PN'),
('567','Balanced systemic functionalities','Synergistic asymmetric moderator','2017-08-12','6467.51','HOU','Fmertins','Cgoose','PN'),
('568','Configurable multi-state policy','Future-proofed optimal monitoring','2017-09-24','3631.91','CCA','Bdummy','Pbubblegum','PN'),
('569','Robust tertiary conglomeration','Diverse transitional migration','2017-03-25','5309.45','HOU','Jsmith','Ccats','DI'),
('570','Profound human-resource help-desk','Programmable clear-thinking policy','2017-04-15','4646.56','CAT','Mwinger','Bmo','PN'),
('571','Networked optimizing archive','Assimilated needs-based customer loyalty','2017-09-24','547.45','ELC','Bprince','Esandwhich','PN'),
('572','Configurable static conglomeration','Implemented tertiary model','2017-07-04','6747.78','ELC','Slollipop','Bmo','DI'),
('573','Balanced system-worthy help-desk','Programmable explicit instruction set','2017-08-27','9689.67','HOU','Bgrof','Esandwhich','DI'),
('574','De-engineered incremental parallelism','Vision-oriented asynchronous open system','2017-01-07','2111.49','ELC','Thenderson','Jsmith','PN'),
('575','Sharable systemic product','Innovative systemic Graphic Interface','2017-10-11','7946.35','HOU','Bmo','Pbubblegum','DI'),
('576','Expanded optimizing help-desk','Robust heuristic application','2017-05-19','6944.04','CCA','Mabadeer','Bmo','PN'),
('577','Streamlined 3rd generation internet solution','Business-focused bandwidth-monitored migration','2017-08-31','1329.03','HOU','Mcalhoun','Cgoose','DI'),
('578','Fundamental maximized portal','Compatible discrete task-force','2017-02-18','5423.59','HOU','Dprincess','Cgoose','DI'),
('579','Reactive executive neural-net','Profit-focused scalable website','2017-08-16','7937.64','HOU','Pbubblegum','Slollipop','DI'),
('580','Monitored radical matrix','Quality-focused local definition','2017-08-27','3541.42','ELC','Ccorn','Ccats','AC'),
('581','Quality-focused tangible product','Public-key even-keeled definition','2017-09-10','6508.71','CCA','Ccorn','Esandwhich','AC'),
('582','Virtual bi-directional benchmark','Horizontal analyzing emulation','2017-12-26','7913.13','CAT','Fmertins','Mwinger','AC'),
('583','Fully-configurable 6th generation neural-net','Programmable intermediate task-force','2017-09-07','7522.76','ELC','Mabadeer','Pbubblegum','DI'),
('584','Self-enabling discrete internet solution','Stand-alone clear-thinking Graphical User Interface','2017-08-23','4829.05','CAT','Bdummy','Pbug','DI'),
('585','Reactive hybrid info-mediaries','Mandatory object-oriented throughput','2017-07-23','568.49','CCA','Jburgerfoot','Pbug','AC'),
('586','Optimized modular analyzer','Object-based cohesive process improvement','2017-05-22','5490.61','ELC','Esandwhich','Jsmith','PN'),
('587','Ameliorated transitional challenge','Grass-roots human-resource strategy','2017-03-26','9848.0','HOU','Ccats','Ccats','AC'),
('588','Devolved mobile hub','Networked bi-directional structure','2017-03-15','1830.69','CAT','Tyang','Mwinger','DI'),
('589','Persistent disintermediate structure','Versatile content-based matrices','2017-10-25','1073.13','CCA','Drock','Esandwhich','DI'),
('590','Enterprise-wide dynamic emulation','Total bottom-line capability','2017-02-18','2329.77','HOU','Alincoln','Ajackson','AC'),
('591','Implemented didactic throughput','Distributed incremental attitude','2017-05-24','4479.13','CCA','Dprincess','Jsmith','DI'),
('592','Programmable motivating internet solution','Re-contextualized responsive benchmark','2017-08-31','64.25','CCA','Esandwhich','Slollipop','DI'),
('593','Total needs-based methodology','Reactive asynchronous product','2017-05-16','2992.25','CAT','Slollipop','Pbug','PN'),
('594','Exclusive system-worthy website','Extended secondary superstructure','2017-04-28','5769.83','CCA','Pbug','Cgoose','DI'),
('595','Open-source explicit pricing structure','Persevering multi-state intranet','2017-01-23','4758.45','ELC','Slollipop','Bmo','PN'),
('596','De-engineered homogeneous open architecture','Diverse real-time moratorium','2017-04-18','2923.46','HOU','Esandwhich','Pbubblegum','AC'),
('597','Persevering methodical project','Grass-roots scalable open system','2017-09-15','2017.99','CCA','Gever','Ajackson','PN'),
('598','Assimilated responsive utilisation','Synergistic web-enabled extranet','2017-03-08','2828.4','HOU','Pbug','Pbug','DI'),
('599','Fundamental client-driven local area network','Phased zero administration capacity','2017-04-18','9227.34','HOU','Bgrof','Ccats','PN'),
('600','Public-key upward-trending encryption','Synergistic cohesive forecast','2017-02-09','5431.04','HOU','Mlee','Cgoose','AC'),
('601','Cross-group client-server customer loyalty','Secured static moderator','2017-03-21','8825.92','HOU','Dmaddy','Slollipop','PN'),
('602','Profit-focused system-worthy moratorium','Customizable intangible approach','2017-06-27','1881.56','CAT','Fmertins','Cgoose','AC'),
('603','Front-line bi-directional data-warehouse','Devolved contextually-based extranet','2017-02-21','7914.26','ELC','Jbarnes','Esandwhich','DI'),
('604','Versatile modular info-mediaries','Self-enabling optimal complexity','2017-07-25','5512.93','CAT','Sundertale','Mwinger','PN'),
('605','Universal dynamic knowledge user','Diverse grid-enabled functionalities','2017-01-25','2036.06','ELC','Jbaxter','Pbug','PN'),
('606','Universal tertiary info-mediaries','Configurable object-oriented process improvement','2017-12-27','6247.22','HOU','Pubtler','Jsmith','AC'),
('607','Centralized dynamic Graphic Interface','Universal asymmetric structure','2017-11-18','8702.59','CCA','Dmaddy','Cgoose','PN'),
('608','Assimilated bifurcated contingency','Inverse reciprocal database','2017-03-29','6324.28','CAT','Ccats','Slollipop','PN'),
('609','Compatible regional Graphical User Interface','Optimized systemic conglomeration','2017-10-18','9249.41','HOU','Mwinger','Jsmith','PN'),
('610','Future-proofed secondary adapter','Enhanced modular knowledge user','2017-06-05','4034.21','ELC','Bgrof','Drock','PN'),
('611','Business-focused secondary infrastructure','Advanced intangible protocol','2017-02-27','6101.34','CAT','Sali','Cgoose','DI'),
('612','Organic 24 hour circuit','Fundamental directional synergy','2017-07-06','1647.09','HOU','Dlord','Bmo','AC'),
('613','Business-focused value-added local area network','Multi-tiered optimizing success','2017-07-18','329.69','ELC','Jburgerfoot','Slollipop','PN'),
('614','User-friendly full-range groupware','Balanced empowering knowledge user','2017-09-24','906.43','CAT','Slollipop','Bmo','AC'),
('615','Right-sized radical parallelism','Multi-channelled neutral model','2017-02-16','2884.7','HOU','Cbuun','Ajackson','DI'),
('616','Synergistic next generation pricing structure','De-engineered disintermediate parallelism','2017-01-01','6733.38','CCA','Fmertins','Bmo','AC'),
('617','Cloned zero administration secured line','Multi-tiered high-level intranet','2017-10-07','4675.8','HOU','Jbarnes','Mwinger','DI'),
('618','Sharable interactive approach','Adaptive value-added encryption','2017-04-29','2127.19','ELC','Pubtler','Drock','DI'),
('619','Down-sized high-level methodology','Grass-roots methodical open architecture','2017-09-15','2782.35','CAT','Pbug','Pbug','AC'),
('620','Horizontal hybrid instruction set','Sharable 5th generation model','2017-08-09','2568.59','HOU','Pbubblegum','Pbug','AC'),
('621','Enhanced bifurcated circuit','Upgradable static capability','2017-09-22','2335.38','ELC','Bnose','Jsmith','PN'),
('622','Integrated high-level encryption','Configurable reciprocal budgetary management','2017-09-11','6699.53','CAT','Sali','Esandwhich','DI'),
('623','Self-enabling next generation initiative','Synergized executive policy','2017-05-24','922.86','HOU','Mabadeer','Mwinger','DI'),
('624','Progressive content-based software','Inverse neutral protocol','2017-05-02','443.38','ELC','Jsmith','Ccats','DI'),
('625','De-engineered coherent utilisation','Multi-lateral needs-based capability','2017-03-14','7376.48','CAT','Pbubblegum','Jsmith','PN'),
('626','Triple-buffered local collaboration','Distributed motivating extranet','2017-12-21','9873.19','CAT','Bmo','Esandwhich','DI'),
('627','Fully-configurable upward-trending knowledge base','Automated discrete Graphical User Interface','2017-02-12','7461.36','ELC','Jdog','Bmo','AC'),
('628','Multi-tiered solution-oriented installation','Reactive radical protocol','2017-06-12','5792.0','CCA','Jbaxter','Ajackson','DI'),
('629','Organized coherent intranet','Triple-buffered incremental portal','2017-08-18','8221.89','ELC','Dprincess','Slollipop','AC'),
('630','Profound multi-tasking instruction set','Enterprise-wide intangible function','2017-06-02','7654.63','ELC','Ajackson','Slollipop','PN'),
('631','Persevering 4th generation structure','Reduced 24 hour artificial intelligence','2017-07-14','7982.05','CAT','Drock','Ajackson','DI'),
('632','Implemented dynamic website','Triple-buffered foreground capability','2017-04-24','7082.75','CAT','Dprincess','Esandwhich','PN'),
('633','Robust coherent encoding','Extended clear-thinking website','2017-04-16','4818.22','CAT','Mwinger','Pbubblegum','AC'),
('634','Exclusive web-enabled help-desk','Progressive secondary utilisation','2017-09-21','8520.34','ELC','Bprince','Jsmith','AC'),
('635','Extended 5th generation solution','Extended real-time capability','2017-09-11','4987.4','ELC','Aemberton','Jsmith','AC'),
('636','Customizable fresh-thinking moratorium','Synergistic bifurcated customer loyalty','2017-12-03','846.68','HOU','Slollipop','Slollipop','AC'),
('637','Profit-focused tertiary firmware','Progressive tangible core','2017-01-21','4322.1','CCA','Cowl','Drock','PN'),
('638','Programmable methodical orchestration','Decentralized encompassing circuit','2017-05-11','7199.24','CAT','Ajackson','Pbug','DI'),
('639','Switchable value-added migration','Front-line intermediate throughput','2017-06-11','281.82','CCA','Cthunderburger','Ajackson','AC'),
('640','Ergonomic exuding secured line','Stand-alone impactful knowledge user','2017-07-23','2115.32','ELC','Aemberton','Ajackson','PN'),
('641','Triple-buffered secondary product','Triple-buffered human-resource functionalities','2017-07-07','1597.48','HOU','Cbuun','Drock','PN'),
('642','Reactive next generation website','Reduced system-worthy synergy','2017-06-17','6741.58','HOU','Cowl','Slollipop','PN'),
('643','Reverse-engineered impactful access','Fundamental transitional forecast','2017-09-01','7577.4','HOU','Dlord','Ccats','DI'),
('644','Exclusive 24/7 projection','Multi-lateral multimedia benchmark','2017-01-28','4287.67','CCA','Fmertins','Esandwhich','DI'),
('645','Integrated stable flexibility','Configurable zero defect help-desk','2017-04-17','4709.12','CCA','Rkale','Esandwhich','DI'),
('646','Integrated fresh-thinking Graphic Interface','Phased responsive matrix','2017-01-22','264.57','CAT','Cbuun','Pbubblegum','DI'),
('647','Re-engineered systemic implementation','Advanced cohesive concept','2017-05-19','5278.88','CAT','Cowl','Ajackson','PN'),
('648','Sharable user-facing paradigm','Quality-focused stable contingency','2017-05-04','1679.1','HOU','Ccats','Pbubblegum','PN'),
('649','Centralized solution-oriented workforce','Visionary 5th generation leverage','2017-09-16','6266.9','CCA','Bdummy','Bmo','DI'),
('650','Multi-tiered high-level process improvement','Monitored 4th generation installation','2017-08-18','2009.61','ELC','Ccats','Pbug','PN'),
('651','Synergistic grid-enabled leverage','Advanced asynchronous contingency','2017-11-30','5403.9','ELC','Fprincess','Slollipop','PN'),
('652','Inverse incremental complexity','Digitized content-based solution','2017-03-11','6261.32','CCA','Ccorn','Jsmith','DI'),
('653','User-centric zero administration budgetary management','Balanced mission-critical installation','2017-08-03','380.34','CCA','Fprincess','Slollipop','PN'),
('654','Object-based mission-critical customer loyalty','Networked interactive throughput','2017-11-24','2780.09','ELC','Jsmith','Ajackson','PN'),
('655','Reverse-engineered even-keeled projection','Streamlined 5th generation encryption','2017-03-10','7085.04','CAT','Jdog','Esandwhich','PN'),
('656','Polarised attitude-oriented focus group','Monitored well-modulated initiative','2017-10-13','2170.67','ELC','Gking','Ccats','DI'),
('657','Integrated attitude-oriented standardization','Front-line fresh-thinking capacity','2017-03-15','9737.0','CCA','Sundertale','Jsmith','PN'),
('658','Customer-focused mobile open system','Down-sized intangible flexibility','2017-10-16','3669.07','CAT','Dlord','Cgoose','AC'),
('659','Implemented user-facing Graphic Interface','Object-based empowering methodology','2017-08-30','8470.86','HOU','Cowl','Ccats','AC'),
('660','Enterprise-wide executive local area network','Future-proofed stable access','2017-09-01','3115.27','CCA','Bman','Jsmith','PN'),
('661','Distributed zero defect ability','Horizontal non-volatile knowledge base','2017-01-11','3689.13','HOU','Aemberton','Ajackson','PN'),
('662','Robust context-sensitive challenge','Grass-roots motivating focus group','2017-06-01','110.65','HOU','Mcalhoun','Pbubblegum','DI'),
('663','Organized neutral encoding','Stand-alone mobile middleware','2017-02-10','2269.05','CAT','Jsmith','Ccats','AC'),
('664','Object-based multi-state knowledge user','Distributed intermediate alliance','2017-10-10','8465.81','ELC','Sali','Pbubblegum','PN'),
('665','Seamless multi-state circuit','Reduced modular knowledge base','2017-03-15','4305.88','CAT','Cthunderburger','Ccats','PN'),
('666','Compatible 24/7 hardware','Persevering encompassing alliance','2017-05-27','4326.32','CAT','Ajackson','Slollipop','AC'),
('667','Implemented 5th generation functionalities','Customer-focused content-based Graphic Interface','2017-08-08','5729.82','HOU','Dlord','Cgoose','PN'),
('668','Networked multi-tasking approach','Versatile 24/7 solution','2017-11-26','9008.98','CAT','Pbug','Ccats','DI'),
('669','Networked multimedia local area network','Optional contextually-based alliance','2017-11-16','4818.81','ELC','Mabadeer','Pbubblegum','AC'),
('670','Implemented next generation archive','Switchable encompassing infrastructure','2017-12-22','6473.03','HOU','Tyang','Bmo','DI'),
('671','Self-enabling upward-trending matrix','Assimilated upward-trending utilisation','2017-09-13','4437.64','CCA','Pscott','Pbubblegum','AC'),
('672','Optimized multi-state website','Advanced contextually-based knowledge user','2017-07-29','744.31','ELC','Aemberton','Cgoose','PN'),
('673','Managed actuating firmware','Centralized client-driven success','2017-06-25','878.44','CAT','Habadeer','Ajackson','AC'),
('674','Reverse-engineered multi-tasking strategy','Implemented 24/7 secured line','2017-10-26','5160.63','ELC','Dprincess','Pbubblegum','AC'),
('675','Centralized 6th generation interface','Total system-worthy paradigm','2017-01-10','6846.81','CCA','Gever','Mwinger','PN'),
('676','Managed next generation concept','Centralized executive toolset','2017-05-19','8093.36','HOU','Cgoose','Mwinger','PN'),
('677','Open-architected maximized superstructure','Right-sized neutral synergy','2017-01-13','8720.77','CCA','Bmo','Esandwhich','PN'),
('678','Multi-lateral discrete parallelism','Realigned 24/7 algorithm','2017-03-16','5099.67','ELC','Pscott','Pbubblegum','AC'),
('679','Intuitive impactful support','Stand-alone heuristic help-desk','2017-05-24','8217.69','CCA','Pscott','Mwinger','AC'),
('680','Customizable executive solution','Fundamental uniform website','2017-09-02','9257.99','ELC','Mcalhoun','Pbug','DI'),
('681','Optimized radical encryption','Profit-focused dynamic hardware','2017-03-22','8069.76','CAT','Elemongrab','Ccats','DI'),
('682','Cross-group needs-based application','Secured background synergy','2017-10-17','7327.32','HOU','Bprince','Cgoose','DI'),
('683','Ergonomic tertiary challenge','Synergistic demand-driven local area network','2017-06-15','5347.97','ELC','Rkale','Cgoose','DI'),
('684','Enterprise-wide even-keeled matrices','Digitized systemic hub','2017-09-10','9614.77','HOU','Drock','Bmo','PN'),
('685','Focused incremental open system','Centralized dedicated data-warehouse','2017-12-22','605.55','CCA','Jburgerfoot','Pbubblegum','PN'),
('686','Intuitive systematic alliance','Robust optimizing challenge','2017-07-11','4483.72','HOU','Elemongrab','Pbug','DI'),
('687','De-engineered neutral Graphical User Interface','Enterprise-wide multimedia infrastructure','2017-04-09','8189.98','HOU','Dmaddy','Pbubblegum','DI'),
('688','Proactive scalable implementation','Profit-focused dedicated functionalities','2017-06-10','1736.13','CAT','Gpenguin','Ajackson','DI'),
('689','Innovative client-server software','Centralized web-enabled middleware','2017-01-14','3358.55','CCA','Fprincess','Esandwhich','PN'),
('690','Compatible responsive knowledge base','Future-proofed composite initiative','2017-09-03','1038.49','ELC','Jdog','Mwinger','AC'),
('691','Re-contextualized modular implementation','Decentralized dedicated software','2017-05-27','5051.91','HOU','Cgoose','Drock','PN'),
('692','Profound systemic middleware','Pre-emptive explicit methodology','2017-09-27','3320.58','HOU','Mwinger','Jsmith','PN'),
('693','Up-sized static project','Exclusive local middleware','2017-11-22','4896.02','ELC','Alincoln','Slollipop','AC'),
('694','Visionary client-driven challenge','Adaptive directional archive','2017-08-11','1075.76','CAT','Drock','Pbug','AC'),
('695','Digitized coherent emulation','Re-contextualized systematic hub','2017-12-11','7019.37','CCA','Gever','Drock','PN'),
('696','Extended multimedia toolset','Integrated responsive customer loyalty','2017-05-29','4293.14','ELC','Bmen','Esandwhich','AC'),
('697','Networked responsive product','Persevering 4th generation budgetary management','2017-06-30','9319.56','HOU','Jsmith','Drock','AC'),
('698','Implemented uniform installation','Optimized executive monitoring','2017-11-05','7093.12','CCA','Pubtler','Ccats','DI'),
('699','Streamlined 24 hour process improvement','Multi-channelled heuristic extranet','2017-06-03','9617.74','CCA','Slollipop','Ajackson','PN'),
('700','Persistent disintermediate secured line','Innovative context-sensitive intranet','2017-05-10','8461.11','ELC','Ccats','Drock','DI'),
('701','Digitized scalable orchestration','Multi-layered responsive budgetary management','2017-09-23','5565.24','ELC','Bmen','Pbug','DI'),
('702','Devolved even-keeled budgetary management','Progressive 5th generation pricing structure','2017-03-26','516.49','CAT','Alincoln','Mwinger','DI'),
('703','Progressive grid-enabled methodology','Intuitive transitional open system','2017-09-10','1150.08','HOU','Djerk','Pbug','DI'),
('704','Face to face heuristic moratorium','Virtual executive challenge','2017-08-25','5950.08','CAT','Cgoose','Mwinger','PN'),
('705','Compatible zero administration hierarchy','Decentralized demand-driven process improvement','2017-09-11','1682.95','HOU','Bdummy','Mwinger','PN'),
('706','Intuitive didactic leverage','Distributed analyzing neural-net','2017-02-19','3802.74','CAT','Pubtler','Pbug','PN'),
('707','Open-source bandwidth-monitored function','Function-based zero administration protocol','2017-07-08','247.01','HOU','Jsmith','Drock','AC'),
('708','Face to face methodical pricing structure','Re-engineered 24/7 Graphic Interface','2017-09-11','8174.54','ELC','Bhero','Esandwhich','PN'),
('709','Total directional complexity','Public-key analyzing matrix','2017-12-24','1271.56','CCA','Mwinger','Ajackson','PN'),
('710','Programmable transitional protocol','Phased foreground instruction set','2017-11-06','5108.5','CCA','Pbubblegum','Ajackson','DI'),
('711','Team-oriented zero defect matrix','Expanded attitude-oriented model','2017-09-12','134.37','ELC','Dlord','Jsmith','AC'),
('712','Seamless foreground moderator','Multi-channelled 3rd generation solution','2017-04-13','6751.59','CCA','Cgoose','Cgoose','PN'),
('713','Fully-configurable demand-driven concept','Balanced encompassing software','2017-04-14','6767.23','HOU','Jsmith','Mwinger','DI'),
('714','Focused mission-critical productivity','Exclusive homogeneous groupware','2017-03-31','9716.07','ELC','Bmo','Pbug','PN'),
('715','Adaptive exuding hardware','Fully-configurable attitude-oriented architecture','2017-07-26','6625.27','ELC','Esandwhich','Pbug','PN'),
('716','Multi-lateral methodical analyzer','Customer-focused asymmetric internet solution','2017-05-08','1264.51','CAT','Slollipop','Drock','DI'),
('717','Distributed foreground pricing structure','Virtual systematic array','2017-07-16','9013.24','ELC','Cthunderburger','Pbubblegum','AC'),
('718','Cross-platform fault-tolerant monitoring','Re-engineered fault-tolerant analyzer','2017-12-14','3675.44','HOU','Bdummy','Cgoose','DI'),
('719','Optional context-sensitive utilisation','Fundamental holistic benchmark','2017-04-14','2657.73','CAT','Bman','Pbubblegum','AC'),
('720','Fully-configurable local solution','Synchronised multi-tasking leverage','2017-03-30','2430.43','ELC','Cowl','Bmo','PN'),
('721','Public-key homogeneous moderator','Cross-group object-oriented structure','2017-07-22','2415.63','HOU','Bnose','Ajackson','DI'),
('722','Automated well-modulated monitoring','Future-proofed stable protocol','2017-07-12','5597.15','CCA','Pbug','Pbubblegum','PN'),
('723','Visionary heuristic encoding','Customizable zero defect framework','2017-07-12','1825.15','HOU','Esandwhich','Cgoose','DI'),
('724','Face to face 3rd generation framework','Face to face needs-based budgetary management','2017-10-01','4816.01','HOU','Gking','Jsmith','PN'),
('725','Fundamental multimedia challenge','Ameliorated incremental intranet','2017-03-15','5931.9','HOU','Pscott','Cgoose','DI'),
('726','Total explicit moratorium','Switchable maximized function','2017-04-29','118.84','CCA','Pbubblegum','Ajackson','AC'),
('727','Assimilated interactive intranet','Progressive 6th generation collaboration','2017-08-03','7435.4','CCA','Bman','Pbubblegum','DI'),
('728','Grass-roots intangible framework','Reduced cohesive structure','2017-01-05','8534.0','HOU','Rkale','Drock','AC'),
('729','Open-source 24/7 encryption','Advanced explicit parallelism','2017-11-27','2228.88','CAT','Jbarnes','Mwinger','PN'),
('730','Object-based tangible matrices','Compatible fresh-thinking task-force','2017-02-14','3958.55','CAT','Pubtler','Ajackson','DI'),
('731','Exclusive bifurcated function','Sharable tertiary encryption','2017-11-27','9849.84','CCA','Mlee','Ccats','PN'),
('732','Mandatory uniform encoding','Customizable intermediate groupware','2017-12-09','2755.51','CAT','Bhero','Ccats','AC'),
('733','Intuitive secondary access','Re-engineered reciprocal data-warehouse','2017-10-22','3855.61','ELC','Gpenguin','Jsmith','AC'),
('734','Persevering 4th generation orchestration','Extended mobile database','2017-09-17','7912.07','ELC','Gever','Pbubblegum','PN'),
('735','Multi-tiered national encryption','Self-enabling modular neural-net','2017-02-26','5957.59','HOU','Elemongrab','Cgoose','PN'),
('736','Cross-group mission-critical application','Sharable encompassing hub','2017-12-23','4731.04','CCA','Mabadeer','Esandwhich','DI'),
('737','Automated composite middleware','Quality-focused human-resource installation','2017-06-23','5326.64','CAT','Sundertale','Bmo','AC'),
('738','Multi-channelled value-added system engine','Pre-emptive exuding open system','2017-12-24','6233.19','CAT','Cking','Pbug','DI'),
('739','Profit-focused content-based project','Customer-focused maximized data-warehouse','2017-09-21','9994.7','ELC','Pbug','Ccats','PN'),
('740','Cross-platform bi-directional algorithm','Digitized radical process improvement','2017-04-09','6848.89','CCA','Gpenguin','Drock','PN'),
('741','Polarised eco-centric artificial intelligence','Integrated user-facing support','2017-01-12','507.72','CAT','Jbarnes','Pbubblegum','AC'),
('742','Virtual upward-trending superstructure','Balanced non-volatile collaboration','2017-05-13','5276.45','CAT','Mcalhoun','Ajackson','PN'),
('743','Managed incremental internet solution','Streamlined transitional toolset','2017-03-14','6798.41','CAT','Cgoose','Slollipop','AC'),
('744','Object-based discrete complexity','User-centric full-range interface','2017-08-03','419.2','CCA','Tyang','Mwinger','AC'),
('745','Reduced human-resource time-frame','Extended motivating website','2017-07-24','2678.89','ELC','Tyang','Ccats','PN'),
('746','Multi-tiered fault-tolerant conglomeration','Public-key optimizing time-frame','2017-03-19','4327.14','ELC','Pubtler','Pbug','AC'),
('747','Optional impactful orchestration','Multi-channelled interactive productivity','2017-12-15','8235.62','HOU','Esandwhich','Esandwhich','DI'),
('748','Robust empowering product','De-engineered needs-based capability','2017-10-11','1637.81','CCA','Ajackson','Esandwhich','PN'),
('749','Reverse-engineered context-sensitive matrix','Up-sized 5th generation orchestration','2017-10-18','5205.03','CAT','Habadeer','Ccats','AC'),
('750','Reduced clear-thinking encryption','Front-line global firmware','2017-08-23','2366.04','HOU','Gpenguin','Drock','DI'),
('751','Virtual non-volatile workforce','Total national leverage','2017-08-12','2695.85','ELC','Fmertins','Esandwhich','PN'),
('752','Stand-alone cohesive structure','Vision-oriented multi-state access','2017-11-28','1666.65','CAT','Fprincess','Drock','PN'),
('753','User-friendly eco-centric time-frame','Team-oriented composite emulation','2017-03-16','2606.86','CAT','Jbarnes','Slollipop','DI'),
('754','Realigned neutral frame','Organic executive infrastructure','2017-05-05','7929.91','HOU','Pscott','Cgoose','PN'),
('755','Phased clear-thinking implementation','Persevering global policy','2017-08-16','1590.29','CCA','Mabadeer','Cgoose','AC'),
('756','Organic attitude-oriented moratorium','Team-oriented local synergy','2017-07-05','3088.79','HOU','Ccats','Ccats','DI'),
('757','Decentralized multi-state matrices','Secured bifurcated solution','2017-06-05','5150.0','CCA','Gking','Jsmith','DI'),
('758','Organic multi-tasking Graphical User Interface','Enterprise-wide uniform migration','2017-09-23','4001.77','ELC','Bnose','Pbubblegum','PN'),
('759','Object-based transitional time-frame','Synergistic regional throughput','2017-05-10','827.79','ELC','Rkale','Cgoose','PN'),
('760','Profit-focused methodical process improvement','Open-architected eco-centric parallelism','2017-03-29','7061.74','ELC','Sundertale','Ajackson','DI'),
('761','Adaptive eco-centric toolset','Re-engineered didactic methodology','2017-05-05','6833.08','ELC','Sundertale','Esandwhich','PN'),
('762','Customer-focused intermediate array','User-friendly secondary Graphic Interface','2017-05-28','3361.59','CAT','Aemberton','Pbubblegum','DI'),
('763','Synergistic optimizing initiative','Multi-lateral multimedia help-desk','2017-05-05','6252.83','CAT','Dlord','Pbug','AC'),
('764','Stand-alone interactive leverage','Programmable intangible application','2017-05-05','740.66','CAT','Bnose','Ccats','AC'),
('765','Proactive leading edge infrastructure','Organized value-added task-force','2017-09-27','1040.56','ELC','Tyang','Ajackson','AC'),
('766','Function-based explicit migration','Balanced system-worthy focus group','2017-10-17','9316.26','CAT','Pubtler','Mwinger','AC'),
('767','Multi-tiered contextually-based benchmark','Business-focused didactic adapter','2017-02-11','5821.74','CCA','Jbaxter','Mwinger','PN'),
('768','Digitized background application','Profit-focused encompassing methodology','2017-06-28','4378.43','ELC','Fprincess','Pbubblegum','AC'),
('769','Grass-roots client-server core','Secured bandwidth-monitored capacity','2017-07-02','6491.26','HOU','Jbaxter','Pbug','PN'),
('770','Monitored mobile conglomeration','Horizontal foreground migration','2017-02-09','5036.94','CAT','Cking','Jsmith','AC'),
('771','Profit-focused intermediate structure','Monitored bi-directional concept','2017-09-06','5541.04','ELC','Jbarnes','Esandwhich','PN'),
('772','Organic context-sensitive instruction set','Optimized coherent ability','2017-06-24','126.88','CAT','Dmaddy','Jsmith','PN'),
('773','Profound even-keeled emulation','Horizontal hybrid structure','2017-07-01','3213.43','CAT','Bhero','Drock','DI'),
('774','Implemented composite paradigm','Enhanced scalable moderator','2017-07-09','6510.5','CCA','Gever','Esandwhich','AC'),
('775','Configurable empowering extranet','Proactive systemic moratorium','2017-01-04','6862.0','CCA','Bhero','Drock','DI'),
('776','Persistent executive infrastructure','Object-based object-oriented moderator','2017-10-22','465.78','ELC','Bdummy','Pbug','PN'),
('777','Exclusive radical benchmark','Future-proofed grid-enabled ability','2017-12-23','4932.16','CAT','Dmaddy','Drock','DI'),
('778','Streamlined bandwidth-monitored hierarchy','Proactive contextually-based pricing structure','2017-02-14','7630.07','CAT','Jdog','Ccats','PN'),
('779','Proactive multi-state time-frame','Persevering intermediate throughput','2017-04-16','6282.62','HOU','Cbuun','Esandwhich','PN'),
('780','Fully-configurable 6th generation service-desk','Optimized explicit focus group','2017-07-18','5119.74','CAT','Dlord','Pbug','AC'),
('781','Networked client-driven capability','Seamless uniform groupware','2017-01-12','8844.24','CCA','Bprince','Esandwhich','AC'),
('782','Networked modular database','Universal scalable conglomeration','2017-07-09','2788.3','HOU','Ccorn','Slollipop','DI'),
('783','Future-proofed even-keeled synergy','Open-source multi-tasking throughput','2017-04-03','2993.68','ELC','Bman','Ccats','PN'),
('784','Implemented mobile functionalities','Customizable context-sensitive open architecture','2017-11-02','4401.4','CCA','Alincoln','Drock','PN'),
('785','Virtual multi-tasking website','Programmable grid-enabled website','2017-03-20','8695.02','ELC','Dlord','Pbug','PN'),
('786','Monitored stable budgetary management','Future-proofed dedicated framework','2017-09-14','1403.03','CCA','Bgrof','Esandwhich','AC'),
('787','Stand-alone fresh-thinking neural-net','Fundamental impactful alliance','2017-07-07','4730.24','CCA','Dmaddy','Esandwhich','DI'),
('788','Intuitive asynchronous forecast','Future-proofed 6th generation website','2017-10-23','3718.06','HOU','Bprince','Cgoose','PN'),
('789','Implemented discrete application','Persistent demand-driven standardization','2017-05-19','8593.09','ELC','Bprince','Pbubblegum','AC'),
('790','Centralized discrete monitoring','Customizable 3rd generation interface','2017-11-12','6016.74','CCA','Bprince','Bmo','PN'),
('791','Switchable radical solution','Object-based mission-critical paradigm','2017-02-25','9952.24','HOU','Slollipop','Jsmith','PN'),
('792','Managed homogeneous Graphical User Interface','User-friendly systematic model','2017-01-18','4381.36','HOU','Bprince','Ccats','AC'),
('793','Secured 6th generation conglomeration','Switchable coherent middleware','2017-03-06','394.23','HOU','Tyang','Jsmith','AC'),
('794','Down-sized holistic methodology','Enhanced local local area network','2017-05-10','8769.94','HOU','Dprincess','Esandwhich','PN'),
('795','Automated 24 hour definition','Up-sized actuating standardization','2017-12-11','7920.31','CAT','Pbug','Ccats','DI'),
('796','Phased methodical standardization','Customer-focused object-oriented software','2017-07-10','5912.38','CCA','Bgrof','Ajackson','PN'),
('797','Extended static infrastructure','Versatile maximized installation','2017-09-01','7727.33','ELC','Jbarnes','Jsmith','AC'),
('798','Managed incremental firmware','Upgradable maximized frame','2017-12-21','7339.62','CCA','Drock','Mwinger','PN'),
('799','Switchable mobile productivity','Sharable static algorithm','2017-08-21','8061.83','CCA','Dmaddy','Drock','AC'),
('800','Realigned asynchronous moderator','Centralized background interface','2017-08-23','45.68','CCA','Mcalhoun','Pbubblegum','PN'),
('801','Reverse-engineered tertiary solution','Streamlined scalable neural-net','2017-01-10','1981.7','CAT','Ccorn','Pbubblegum','PN'),
('802','Profit-focused fresh-thinking encoding','Total incremental standardization','2017-11-03','5346.66','ELC','Pbug','Jsmith','AC'),
('803','Stand-alone cohesive capacity','Quality-focused uniform software','2017-06-05','598.98','CCA','Gpenguin','Jsmith','PN'),
('804','Object-based empowering Graphical User Interface','Sharable grid-enabled ability','2017-10-24','148.97','ELC','Bmo','Ajackson','AC'),
('805','Integrated explicit adapter','Reverse-engineered context-sensitive product','2017-03-27','4349.93','CCA','Mwinger','Jsmith','AC'),
('806','Phased static extranet','Stand-alone tertiary time-frame','2017-05-11','1440.76','CAT','Slollipop','Bmo','AC'),
('807','Devolved well-modulated pricing structure','Realigned systemic collaboration','2017-08-07','8572.77','ELC','Jbaxter','Pbug','AC'),
('808','Team-oriented encompassing internet solution','Innovative needs-based instruction set','2017-03-17','771.98','ELC','Tyang','Pbubblegum','AC'),
('809','Ameliorated tangible leverage','Multi-lateral motivating function','2017-07-03','8981.56','CCA','Slollipop','Mwinger','AC'),
('810','User-centric secondary structure','Monitored object-oriented secured line','2017-04-09','5654.07','CAT','Cbuun','Slollipop','PN'),
('811','Digitized 4th generation installation','Visionary full-range middleware','2017-04-19','5630.88','CAT','Sali','Ajackson','PN'),
('812','Horizontal cohesive info-mediaries','Assimilated systemic knowledge base','2017-10-26','3039.55','CAT','Bman','Bmo','PN'),
('813','Mandatory needs-based focus group','Public-key impactful database','2017-08-26','6229.03','ELC','Gking','Mwinger','PN'),
('814','User-friendly neutral knowledge base','Cloned impactful service-desk','2017-09-02','1360.01','CCA','Pbubblegum','Drock','DI'),
('815','Self-enabling exuding framework','Monitored client-server functionalities','2017-03-26','2010.63','CAT','Habadeer','Cgoose','DI'),
('816','Fully-configurable value-added protocol','Cross-group 3rd generation definition','2017-04-21','2591.27','CCA','Bhero','Mwinger','PN'),
('817','Reverse-engineered full-range structure','Robust encompassing alliance','2017-07-02','5435.9','CAT','Pbubblegum','Jsmith','DI'),
('818','Managed demand-driven access','Cross-platform zero administration local area network','2017-09-07','5132.77','CAT','Bmen','Esandwhich','AC'),
('819','Expanded foreground orchestration','Vision-oriented clear-thinking throughput','2017-06-04','755.62','ELC','Bmen','Ajackson','DI'),
('820','Assimilated systemic function','Multi-layered high-level open system','2017-11-02','4539.94','CCA','Thenderson','Bmo','AC'),
('821','Expanded secondary portal','Decentralized actuating hardware','2017-07-19','7352.61','CCA','Mlee','Jsmith','PN'),
('822','Exclusive demand-driven framework','Expanded intermediate open system','2017-06-24','8251.06','ELC','Djerk','Mwinger','AC'),
('823','Ameliorated impactful artificial intelligence','Seamless analyzing extranet','2017-11-20','7595.3','CAT','Pbug','Slollipop','PN'),
('824','Phased 24 hour complexity','Business-focused grid-enabled website','2017-01-31','7971.18','CCA','Fmertins','Cgoose','DI'),
('825','Business-focused demand-driven solution','Programmable stable neural-net','2017-07-11','1835.24','CCA','Bnose','Ccats','AC'),
('826','Front-line uniform local area network','Diverse executive application','2017-12-11','3209.23','CCA','Bnose','Mwinger','PN'),
('827','Profit-focused scalable model','Digitized attitude-oriented methodology','2017-08-09','1450.21','CCA','Jburgerfoot','Esandwhich','DI'),
('828','Expanded tertiary workforce','Grass-roots composite challenge','2017-07-04','1666.74','CCA','Bprince','Pbubblegum','PN'),
('829','User-friendly upward-trending hub','Versatile 3rd generation extranet','2017-07-21','4643.04','ELC','Bmen','Pbubblegum','PN'),
('830','Team-oriented next generation application','Decentralized intangible installation','2017-01-12','1063.6','CCA','Ccats','Slollipop','DI'),
('831','Upgradable background data-warehouse','Extended maximized intranet','2017-04-13','5835.48','CAT','Esandwhich','Mwinger','DI'),
('832','Operative 5th generation flexibility','Digitized optimizing model','2017-03-13','2353.51','HOU','Bprince','Esandwhich','PN'),
('833','Ergonomic uniform groupware','Programmable global moderator','2017-02-25','3695.95','HOU','Gever','Drock','DI'),
('834','Robust executive firmware','Exclusive real-time policy','2017-06-17','3303.1','CCA','Pbug','Ajackson','DI'),
('835','Future-proofed multimedia info-mediaries','User-centric cohesive attitude','2017-08-09','4345.87','CCA','Gever','Slollipop','AC'),
('836','Enhanced background utilisation','Secured non-volatile protocol','2017-11-19','6616.16','CAT','Gking','Bmo','DI'),
('837','Centralized empowering open system','Fully-configurable directional circuit','2017-09-29','5007.71','HOU','Thenderson','Ajackson','PN'),
('838','Multi-lateral optimizing strategy','Front-line responsive complexity','2017-02-14','8938.45','ELC','Tyang','Slollipop','DI'),
('839','Focused secondary pricing structure','Monitored transitional moratorium','2017-01-25','3849.23','CCA','Bprince','Ccats','DI'),
('840','Horizontal non-volatile productivity','Quality-focused cohesive collaboration','2017-02-12','4446.26','HOU','Bmo','Esandwhich','PN'),
('841','Decentralized static system engine','Function-based clear-thinking help-desk','2017-10-14','7442.23','ELC','Mabadeer','Esandwhich','DI'),
('842','Re-contextualized hybrid internet solution','Balanced high-level attitude','2017-12-18','5917.44','CAT','Pbubblegum','Ccats','DI'),
('843','Synchronised intangible definition','Synchronised radical application','2017-06-21','3124.5','HOU','Ccorn','Drock','DI'),
('844','Universal cohesive open system','Innovative high-level knowledge base','2017-07-12','7948.86','CAT','Dmaddy','Cgoose','DI'),
('845','Expanded non-volatile application','Customer-focused logistical migration','2017-02-18','1897.48','CAT','Bmen','Drock','AC'),
('846','Multi-channelled actuating standardization','Front-line fault-tolerant hardware','2017-07-31','6017.44','CAT','Ajackson','Esandwhich','DI'),
('847','Grass-roots coherent encryption','Business-focused content-based internet solution','2017-07-07','1375.17','CCA','Pscott','Drock','AC'),
('848','Intuitive motivating productivity','Organic modular info-mediaries','2017-08-03','4067.02','CCA','Gking','Slollipop','DI'),
('849','Open-architected maximized infrastructure','Customizable well-modulated system engine','2017-05-22','5878.14','ELC','Sali','Jsmith','AC'),
('850','Automated dedicated focus group','Exclusive optimizing internet solution','2017-02-10','7990.27','ELC','Dmaddy','Pbug','PN'),
('851','Polarised tertiary knowledge base','Cross-group optimal secured line','2017-05-18','5806.56','ELC','Drock','Cgoose','DI'),
('852','Integrated multi-tasking product','Monitored well-modulated capability','2017-03-20','2660.4','HOU','Thenderson','Ccats','AC'),
('853','Grass-roots non-volatile budgetary management','Cross-group holistic extranet','2017-05-26','9490.16','HOU','Tyang','Esandwhich','PN'),
('854','User-friendly 5th generation projection','Public-key secondary Graphical User Interface','2017-07-28','9833.47','ELC','Fprincess','Cgoose','AC'),
('855','Quality-focused fresh-thinking encoding','Programmable needs-based functionalities','2017-03-31','8058.02','CAT','Mabadeer','Cgoose','AC'),
('856','Distributed fresh-thinking neural-net','Polarised needs-based challenge','2017-04-21','8054.26','ELC','Cbuun','Slollipop','AC'),
('857','Expanded actuating function','Future-proofed directional extranet','2017-07-30','8146.1','ELC','Jbaxter','Cgoose','PN'),
('858','Open-source grid-enabled secured line','Automated asynchronous internet solution','2017-11-21','5973.26','HOU','Bmen','Drock','PN'),
('859','Enhanced logistical migration','Profit-focused mobile definition','2017-06-24','2177.13','CAT','Cowl','Slollipop','DI'),
('860','Stand-alone bi-directional orchestration','De-engineered leading edge archive','2017-04-13','4277.88','HOU','Bmen','Bmo','PN'),
('861','Advanced didactic database','User-friendly optimizing toolset','2017-08-06','8321.24','CAT','Bmo','Pbubblegum','AC'),
('862','User-centric value-added parallelism','User-centric 6th generation service-desk','2017-11-06','749.42','CCA','Alincoln','Slollipop','PN'),
('863','Horizontal client-driven success','Fully-configurable heuristic definition','2017-11-17','7641.25','CAT','Gking','Pbubblegum','PN'),
('864','Cross-platform didactic firmware','Enterprise-wide client-server definition','2017-07-23','6448.85','ELC','Slollipop','Bmo','AC'),
('865','Programmable multimedia complexity','Integrated background success','2017-10-07','8414.73','HOU','Pubtler','Drock','PN'),
('866','Stand-alone global firmware','Horizontal attitude-oriented groupware','2017-02-23','3685.39','CAT','Pscott','Pbubblegum','PN'),
('867','Grass-roots interactive frame','Progressive mission-critical framework','2017-08-18','7996.06','ELC','Slollipop','Bmo','PN'),
('868','Organized modular utilisation','Balanced heuristic pricing structure','2017-07-19','7980.98','CAT','Habadeer','Bmo','DI'),
('869','Extended content-based process improvement','Reactive logistical throughput','2017-12-13','7001.34','CCA','Habadeer','Bmo','PN'),
('870','Open-source responsive initiative','Seamless user-facing focus group','2017-07-12','7711.06','CAT','Cking','Slollipop','PN'),
('871','Multi-channelled analyzing concept','Team-oriented user-facing algorithm','2017-06-09','7333.63','CCA','Mwinger','Drock','AC'),
('872','Integrated attitude-oriented parallelism','Seamless tangible intranet','2017-06-20','6948.74','HOU','Bnose','Pbug','DI'),
('873','Intuitive 5th generation parallelism','Open-architected fault-tolerant initiative','2017-01-13','3111.13','ELC','Bhero','Cgoose','DI'),
('874','Re-contextualized solution-oriented project','Secured incremental info-mediaries','2017-09-22','821.6','CCA','Pubtler','Pbug','AC'),
('875','Triple-buffered next generation process improvement','Customizable asymmetric array','2017-11-29','1860.39','CCA','Alincoln','Pbubblegum','AC'),
('876','Persistent upward-trending alliance','Versatile systemic core','2017-01-12','8416.5','HOU','Pbubblegum','Esandwhich','PN'),
('877','User-friendly content-based productivity','Cloned global knowledge base','2017-02-08','833.69','HOU','Thenderson','Esandwhich','PN'),
('878','Customizable grid-enabled core','Upgradable systemic hardware','2017-08-21','1321.16','CCA','Slollipop','Slollipop','AC'),
('879','Ergonomic analyzing service-desk','Up-sized tertiary collaboration','2017-06-17','6946.83','HOU','Cthunderburger','Cgoose','PN'),
('880','Reduced zero tolerance pricing structure','Exclusive upward-trending monitoring','2017-04-09','7327.19','CCA','Bgrof','Drock','DI'),
('881','User-centric didactic project','Decentralized 4th generation pricing structure','2017-12-20','9751.09','CAT','Mcalhoun','Jsmith','PN'),
('882','Multi-layered responsive toolset','Expanded interactive firmware','2017-07-27','8284.17','CCA','Rkale','Pbubblegum','AC'),
('883','Fully-configurable tangible capability','Networked modular circuit','2017-11-18','6650.7','CCA','Ajackson','Cgoose','AC'),
('884','Managed global system engine','User-centric regional conglomeration','2017-07-02','206.51','HOU','Mcalhoun','Esandwhich','DI'),
('885','Multi-channelled client-driven benchmark','Operative attitude-oriented neural-net','2017-02-21','1869.89','ELC','Bmo','Bmo','DI'),
('886','Re-engineered radical orchestration','Centralized upward-trending support','2017-07-14','1704.08','ELC','Sali','Esandwhich','DI'),
('887','Exclusive empowering policy','Implemented reciprocal orchestration','2017-11-17','3611.14','HOU','Cowl','Jsmith','DI'),
('888','Fully-configurable 5th generation leverage','User-centric well-modulated open architecture','2017-11-20','4622.91','ELC','Bman','Ccats','PN'),
('889','Expanded web-enabled standardization','Ameliorated modular Graphic Interface','2017-07-04','8511.31','CAT','Slollipop','Pbug','DI'),
('890','Progressive executive time-frame','Multi-lateral multi-tasking forecast','2017-07-10','3826.76','CCA','Aemberton','Pbubblegum','PN'),
('891','Integrated 6th generation productivity','Configurable leading edge framework','2017-02-10','4904.68','CCA','Cowl','Slollipop','PN'),
('892','Advanced discrete firmware','Ergonomic mobile flexibility','2017-08-15','1994.48','ELC','Aemberton','Ajackson','AC'),
('893','Innovative disintermediate policy','Re-contextualized hybrid application','2017-08-12','3112.47','CCA','Habadeer','Bmo','DI'),
('894','Ergonomic national software','Function-based multi-state array','2017-10-10','6082.69','HOU','Cgoose','Ajackson','DI'),
('895','Versatile responsive service-desk','Public-key human-resource archive','2017-06-19','9995.65','ELC','Tyang','Pbug','AC'),
('896','Quality-focused zero administration portal','Triple-buffered executive open system','2017-09-09','117.76','HOU','Aemberton','Slollipop','AC'),
('897','Universal encompassing toolset','Persevering asymmetric array','2017-03-29','4221.01','CAT','Jburgerfoot','Jsmith','DI'),
('898','Optimized multi-state adapter','Persevering intermediate flexibility','2017-07-27','9315.48','ELC','Jsmith','Bmo','AC'),
('899','Synergistic contextually-based implementation','Managed exuding customer loyalty','2017-09-11','2626.5','HOU','Jbaxter','Pbug','PN'),
('900','Down-sized reciprocal strategy','Extended uniform framework','2017-01-09','8182.12','CCA','Djerk','Esandwhich','PN'),
('901','Object-based system-worthy policy','Ergonomic regional analyzer','2017-08-13','2870.98','HOU','Fprincess','Ajackson','AC'),
('902','Mandatory directional interface','Secured empowering Graphical User Interface','2017-10-06','476.15','ELC','Bdummy','Mwinger','AC'),
('903','Optional interactive circuit','Total coherent website','2017-10-07','304.17','CAT','Drock','Ajackson','PN'),
('904','Face to face well-modulated function','Networked 6th generation attitude','2017-02-06','1025.03','ELC','Bman','Ajackson','DI'),
('905','Cloned contextually-based product','Total local protocol','2017-09-15','8672.23','CAT','Sundertale','Ccats','PN'),
('906','Face to face demand-driven array','Stand-alone next generation attitude','2017-04-23','2982.42','CCA','Gever','Drock','AC'),
('907','Synergistic directional orchestration','Advanced content-based toolset','2017-08-27','3857.14','HOU','Bhero','Ajackson','AC'),
('908','Synchronised mobile extranet','Distributed demand-driven analyzer','2017-07-18','550.91','ELC','Dmaddy','Pbug','DI'),
('909','Right-sized multi-state complexity','Multi-tiered actuating moratorium','2017-04-29','9938.74','CCA','Fmertins','Jsmith','AC'),
('910','Implemented dynamic intranet','Object-based uniform adapter','2017-01-04','8518.76','ELC','Bhero','Pbubblegum','PN'),
('911','Phased dynamic groupware','Centralized hybrid conglomeration','2017-11-23','6109.83','HOU','Ccats','Bmo','AC'),
('912','Reactive multimedia function','Virtual mobile application','2017-01-11','6981.63','CCA','Tyang','Ccats','AC'),
('913','Reverse-engineered tertiary frame','Customizable dedicated knowledge user','2017-09-04','7150.87','HOU','Habadeer','Pbug','DI'),
('914','Switchable actuating intranet','Polarised bifurcated support','2017-09-22','9976.14','CCA','Mcalhoun','Jsmith','DI'),
('915','Intuitive mission-critical hierarchy','Face to face multi-state alliance','2017-06-21','208.51','CCA','Pubtler','Slollipop','AC'),
('916','Phased clear-thinking system engine','Focused fault-tolerant model','2017-12-19','8423.53','CAT','Dmaddy','Slollipop','PN'),
('917','Synergized global internet solution','Universal maximized capacity','2017-09-28','2315.64','CAT','Ajackson','Pbubblegum','AC'),
('918','Fully-configurable multi-state open architecture','Automated static interface','2017-10-28','5833.07','CCA','Thenderson','Ajackson','AC'),
('919','Robust transitional model','Organized systematic data-warehouse','2017-02-08','8400.19','CAT','Cowl','Ajackson','DI'),
('920','Enterprise-wide asynchronous capacity','User-friendly upward-trending core','2017-04-04','7987.73','HOU','Cgoose','Mwinger','DI'),
('921','Devolved disintermediate support','Configurable intangible data-warehouse','2017-01-07','9840.08','ELC','Gever','Ccats','PN'),
('922','Realigned global collaboration','Polarised attitude-oriented architecture','2017-09-19','6754.95','CCA','Thenderson','Ccats','DI'),
('923','Universal global access','De-engineered disintermediate monitoring','2017-07-31','9484.08','ELC','Bprince','Mwinger','PN'),
('924','Enterprise-wide demand-driven secured line','Future-proofed discrete adapter','2017-07-20','7280.81','HOU','Esandwhich','Pbug','DI'),
('925','Optional regional help-desk','Multi-layered web-enabled Graphic Interface','2017-10-08','8234.82','ELC','Drock','Ajackson','PN'),
('926','Secured high-level extranet','Seamless mobile circuit','2017-10-12','9881.8','CAT','Cthunderburger','Drock','DI'),
('927','Visionary global collaboration','Synergistic full-range knowledge user','2017-06-28','3138.59','CCA','Mcalhoun','Cgoose','PN'),
('928','Synchronised systemic emulation','Enterprise-wide bandwidth-monitored service-desk','2017-03-06','5334.7','CAT','Bnose','Esandwhich','AC'),
('929','Intuitive tertiary internet solution','Total 5th generation open system','2017-01-23','3729.78','ELC','Mabadeer','Drock','DI'),
('930','Optional intermediate moratorium','Reverse-engineered scalable paradigm','2017-07-29','9721.5','HOU','Sundertale','Drock','AC'),
('931','Sharable even-keeled groupware','Synchronised tertiary array','2017-09-12','1426.21','HOU','Aemberton','Jsmith','DI'),
('932','Team-oriented motivating alliance','Universal bottom-line concept','2017-06-04','7369.2','ELC','Sali','Ccats','DI'),
('933','Intuitive 24/7 task-force','Profound client-server internet solution','2017-10-03','4366.72','ELC','Fprincess','Cgoose','PN'),
('934','Organized asymmetric extranet','Re-engineered global task-force','2017-03-24','124.27','CAT','Pbug','Slollipop','PN'),
('935','Front-line leading edge access','Secured systemic contingency','2017-07-11','5693.33','CAT','Cgoose','Esandwhich','DI'),
('936','Horizontal fault-tolerant product','Fully-configurable real-time synergy','2017-04-09','7718.61','CCA','Dlord','Bmo','AC'),
('937','Persistent 3rd generation array','Mandatory tangible strategy','2017-06-27','6488.7','HOU','Alincoln','Jsmith','AC'),
('938','Upgradable value-added functionalities','Configurable 3rd generation knowledge user','2017-09-16','4381.86','CAT','Bman','Pbubblegum','DI'),
('939','Open-architected analyzing core','Extended grid-enabled open system','2017-10-24','7702.51','CAT','Tyang','Ajackson','PN'),
('940','Public-key empowering hierarchy','Versatile 5th generation process improvement','2017-01-23','3843.47','ELC','Cowl','Jsmith','PN'),
('941','Configurable grid-enabled hardware','Seamless well-modulated extranet','2017-09-11','9814.98','CAT','Jburgerfoot','Pbug','DI'),
('942','Proactive actuating policy','Operative asymmetric extranet','2017-03-02','4154.16','CAT','Jburgerfoot','Bmo','AC'),
('943','Pre-emptive 24 hour access','Business-focused secondary algorithm','2017-11-11','5128.47','HOU','Mcalhoun','Mwinger','DI'),
('944','Synergized maximized adapter','Pre-emptive well-modulated core','2017-05-29','501.57','ELC','Jbarnes','Ccats','DI'),
('945','Exclusive bi-directional algorithm','Upgradable stable monitoring','2017-08-12','9441.93','CCA','Jburgerfoot','Cgoose','AC'),
('946','Fundamental client-driven customer loyalty','Networked multi-tasking hardware','2017-08-22','245.92','HOU','Djerk','Pbug','DI'),
('947','Organic client-server time-frame','Stand-alone 24/7 framework','2017-05-02','7603.27','HOU','Mlee','Drock','DI'),
('948','Integrated systemic standardization','Balanced intangible intranet','2017-08-24','3095.95','CCA','Drock','Ajackson','DI'),
('949','Extended solution-oriented support','Diverse stable capacity','2017-03-24','509.18','ELC','Cthunderburger','Esandwhich','PN'),
('950','Open-source tangible project','Switchable systemic archive','2017-06-25','8209.63','HOU','Bmen','Slollipop','AC'),
('951','Cross-group didactic core','Synergized 6th generation encryption','2017-05-26','549.78','HOU','Sali','Ccats','AC'),
('952','Decentralized demand-driven emulation','Triple-buffered bifurcated benchmark','2017-02-17','7074.87','CAT','Bmo','Esandwhich','AC'),
('953','Polarised intermediate attitude','Vision-oriented systematic superstructure','2017-12-09','5455.23','HOU','Pscott','Drock','AC'),
('954','Multi-layered analyzing toolset','Virtual local knowledge user','2017-06-09','1711.5','HOU','Elemongrab','Slollipop','DI'),
('955','Quality-focused solution-oriented migration','Devolved tertiary local area network','2017-05-06','6441.55','CAT','Gking','Slollipop','AC'),
('956','Quality-focused web-enabled projection','Assimilated systematic superstructure','2017-12-07','6005.18','CAT','Mcalhoun','Cgoose','PN'),
('957','Digitized context-sensitive installation','Re-engineered didactic focus group','2017-07-02','9368.49','CCA','Dmaddy','Pbubblegum','PN'),
('958','De-engineered systematic complexity','Configurable next generation website','2017-08-25','8541.76','HOU','Drock','Ajackson','PN'),
('959','User-friendly 3rd generation attitude','Intuitive grid-enabled functionalities','2017-02-16','7890.01','CAT','Sundertale','Mwinger','AC'),
('960','Digitized full-range contingency','Proactive heuristic alliance','2017-08-30','7415.93','ELC','Ajackson','Jsmith','DI'),
('961','Automated modular policy','Visionary national protocol','2017-02-23','2250.59','CCA','Rkale','Jsmith','AC'),
('962','Persevering neutral synergy','Automated next generation matrices','2017-06-16','6682.54','CCA','Dmaddy','Ajackson','DI'),
('963','Face to face didactic info-mediaries','Down-sized composite internet solution','2017-05-11','1004.26','ELC','Rkale','Esandwhich','DI'),
('964','Compatible full-range info-mediaries','Cross-group exuding database','2017-09-13','5838.42','CAT','Sali','Pbubblegum','DI'),
('965','Intuitive system-worthy installation','Down-sized modular extranet','2017-07-02','6923.97','ELC','Jbarnes','Pbug','PN'),
('966','Synergistic demand-driven monitoring','Advanced 6th generation implementation','2017-12-05','5482.32','CCA','Bgrof','Ccats','AC'),
('967','Versatile local archive','Multi-lateral context-sensitive system engine','2017-07-27','5674.59','CCA','Dmaddy','Ccats','AC'),
('968','Persevering regional groupware','Face to face grid-enabled productivity','2017-11-01','3583.84','CCA','Fprincess','Slollipop','AC'),
('969','Networked well-modulated infrastructure','Integrated attitude-oriented product','2017-09-17','7483.94','CCA','Jburgerfoot','Esandwhich','AC'),
('970','Secured regional approach','Streamlined grid-enabled software','2017-03-08','8338.31','CAT','Bdummy','Mwinger','AC');